CountryName,RegionName,Date,PredictedDailyNewCases,DailyNewCases_Pre_HALO,IsSpecialty,Words
Aruba,,2020-08-04,17.109973463682916,16.634933332200596,0,rebelled
Aruba,,2020-08-05,29.210212124173673,28.399221795197025,0,juda
Aruba,,2020-08-06,13.388931233217805,13.017201863389404,0,tua
Aruba,,2020-08-07,17.49594351278375,17.010187335291057,0,inaccuracies
Aruba,,2020-08-08,26.740870208955783,25.998438519802264,0,incriminating
Afghanistan,,2020-08-04,229.8462500876056,195.95280152549643,0,begrudge
Afghanistan,,2020-08-05,275.14158958172834,234.5688270927564,0,farmed
Afghanistan,,2020-08-06,289.9253957922405,247.1725926232175,0,lesley
Afghanistan,,2020-08-07,187.05278742582314,159.46972254397343,0,eroei
Afghanistan,,2020-08-08,183.52113799026014,156.45885505911895,0,someting
Angola,,2020-08-04,86.03774165382542,84.90220103466905,0,turbines
Angola,,2020-08-05,59.173211437373396,58.3922334170132,0,triangle
Angola,,2020-08-06,84.94567868870828,83.8245513006727,0,lickety-split
Angola,,2020-08-07,77.41146104399186,76.38977153059928,0,thinkers
Angola,,2020-08-08,71.67250363099517,70.72655784505055,0,uplift
Albania,,2020-08-04,788.7088777882952,771.9659174358272,0,krumholz
Albania,,2020-08-05,726.9094894038474,711.4784259231747,0,extinction
Albania,,2020-08-06,751.3389946838003,735.3893339743507,0,bid-rigging
Albania,,2020-08-07,756.3141959069876,740.2589200597207,0,orient
Albania,,2020-08-08,653.4370726031552,639.5657047163036,0,listeners
Andorra,,2020-08-04,41.349879109961705,42.11874286171721,0,agog
Andorra,,2020-08-05,68.68829838915264,69.96549541942068,0,subtleties
Andorra,,2020-08-06,88.51421829922867,90.16006044992206,0,unimaginable
Andorra,,2020-08-07,58.21669380818334,59.29918078467797,0,chappell
Andorra,,2020-08-08,0.0,0.0,0,prohibit
United Arab Emirates,,2020-08-04,1321.7426334888546,1345.0810952195766,0,clobbered
United Arab Emirates,,2020-08-05,1295.8888071748136,1318.7707590520022,0,receding
United Arab Emirates,,2020-08-06,1280.4723336162435,1303.0820715471968,0,whittier
United Arab Emirates,,2020-08-07,1247.1454951741323,1269.1667697205505,0,lovable
United Arab Emirates,,2020-08-08,1221.0845563184962,1242.645663954399,0,lbt
Argentina,,2020-08-04,6658.182867766737,6394.668122494251,0,mbeki
Argentina,,2020-08-05,8414.545725552236,8081.518393997986,0,fan
Argentina,,2020-08-06,8728.416496850805,8382.966920670679,0,half-a-dozen
Argentina,,2020-08-07,7221.389945000402,6935.584828249629,0,logic
Argentina,,2020-08-08,5103.6196390625155,4901.630739708913,0,mpd
Australia,,2020-08-04,9.26299069808545,9.499937960702532,0,altman
Australia,,2020-08-05,11.125731759878922,11.410327930925508,0,firehouse
Australia,,2020-08-06,7.355901172439501,7.544065093110563,0,tapenade
Australia,,2020-08-07,12.728757075242639,13.05435862703087,0,eavesdropped
Australia,,2020-08-08,6.579831823347945,6.748143893373591,0,above-ground
Austria,,2020-08-04,3491.706311479092,3279.506992173052,0,broiler
Austria,,2020-08-05,5143.158462139627,4830.5964573796045,0,peloponnesian
Austria,,2020-08-06,4955.459510790334,4654.304418914089,0,blithely
Austria,,2020-08-07,4442.344487471754,4172.372619200527,0,louisiana
Austria,,2020-08-08,4169.7673318979105,3916.3606273923165,0,magill
Azerbaijan,,2020-08-04,0.0,0.0,0,jeavons
Azerbaijan,,2020-08-05,0.0,0.0,0,frankenthaler
Azerbaijan,,2020-08-06,0.0,0.0,0,decade-old
Azerbaijan,,2020-08-07,0.0,0.0,0,murrell
Azerbaijan,,2020-08-08,0.0,0.0,0,seasonality
Burundi,,2020-08-04,8.421732397706196,8.232758402288326,0,narns
Burundi,,2020-08-05,0.0,0.0,0,hallmark
Burundi,,2020-08-06,3.8133924918748385,3.7278243473108565,0,joplin
Burundi,,2020-08-07,4.166836148518268,4.07333713453255,0,reassure
Burundi,,2020-08-08,0.3206835196793144,0.3134877500779233,0,eckels
Belgium,,2020-08-04,1390.954295677036,1259.8016154620361,0,chikungunya
Belgium,,2020-08-05,2907.8872059005103,2633.703358162273,0,liberians
Belgium,,2020-08-06,2220.482476268274,2011.113822648153,0,goodhearted
Belgium,,2020-08-07,2937.7550757407635,2660.754995151428,0,force-field
Belgium,,2020-08-08,3113.1888263016685,2819.647147862755,0,belief
Benin,,2020-08-04,0.0,0.0,0,intensities
Benin,,2020-08-05,0.0,0.0,0,trumka
Benin,,2020-08-06,0.0,0.0,0,llc
Benin,,2020-08-07,0.0,0.0,0,storekeepers
Benin,,2020-08-08,0.0,0.0,0,traffic-related
Burkina Faso,,2020-08-04,6.700015900382212,6.196072873950687,0,transwomen
Burkina Faso,,2020-08-05,27.17006184513156,25.1264602480389,0,meatwad
Burkina Faso,,2020-08-06,6.13211565816832,5.670887361228129,0,teary
Burkina Faso,,2020-08-07,48.57956115483568,44.925639815680846,0,primitivist
Burkina Faso,,2020-08-08,6.220138114186115,5.752289190737111,0,chrysotile
Bangladesh,,2020-08-04,2346.1530438388477,2290.6749803294992,0,braggart
Bangladesh,,2020-08-05,2265.1442639832144,2211.581766146552,0,talas
Bangladesh,,2020-08-06,2424.7132294160515,2367.377500663507,0,pot-smoking
Bangladesh,,2020-08-07,2409.485244336071,2352.5096025461417,0,facile
Bangladesh,,2020-08-08,2046.0047871661534,1997.6241481362679,0,boilers
Bulgaria,,2020-08-04,4360.72795536728,4127.243945931946,0,thyself
Bulgaria,,2020-08-05,3636.695184507125,3441.977655355188,0,similes
Bulgaria,,2020-08-06,3505.4815627841253,3317.789530935846,0,mozambique
Bulgaria,,2020-08-07,3275.8511747593197,3100.4541138959266,0,prestigious
Bulgaria,,2020-08-08,1673.555851765296,1583.9495900852512,0,nesses
Bahrain,,2020-08-04,118.17059014032588,123.11028442816125,0,moot
Bahrain,,2020-08-05,149.27866913520467,155.51872419752766,0,milos
Bahrain,,2020-08-06,134.89282700623303,140.53153394880982,0,half-wits
Bahrain,,2020-08-07,136.34275620402113,142.04207219464934,0,frizz
Bahrain,,2020-08-08,97.79753997028102,101.8856125523159,0,buttoning
Bahamas,,2020-08-04,0.0,0.0,0,meadowlands
Bahamas,,2020-08-05,0.0,0.0,0,marvelously
Bahamas,,2020-08-06,0.0,0.0,0,crack
Bahamas,,2020-08-07,0.0,0.0,0,nystagmus
Bahamas,,2020-08-08,0.0,0.0,0,geocentric
Bosnia and Herzegovina,,2020-08-04,1035.6966469074353,1063.1751311305945,0,vulgaris
Bosnia and Herzegovina,,2020-08-05,1418.7448870332048,1456.3861781500952,0,malignant
Bosnia and Herzegovina,,2020-08-06,757.0371314658519,777.1223880276503,0,defector
Bosnia and Herzegovina,,2020-08-07,996.0955409164364,1022.5233522717801,0,kung
Bosnia and Herzegovina,,2020-08-08,1080.3275172098622,1108.9901210003998,0,disallow
Belarus,,2020-08-04,0.0,0.0,0,holocaust
Belarus,,2020-08-05,0.0,0.0,0,roto
Belarus,,2020-08-06,0.0,0.0,0,plenipotentiary
Belarus,,2020-08-07,0.0,0.0,0,bubbe
Belarus,,2020-08-08,0.0,0.0,0,alpha
Belize,,2020-08-04,69.80509604109858,77.24656680797837,0,tangerines
Belize,,2020-08-05,70.07075902036142,77.54055040287166,0,macintoshes
Belize,,2020-08-06,76.63115920691966,84.80031251249872,0,emanates
Belize,,2020-08-07,62.439267428200665,69.09551474571431,0,regionally
Belize,,2020-08-08,53.72697398939887,59.454459932540196,0,bravo
Bermuda,,2020-08-04,5.219591063290109,5.174698227551893,0,persis
Bermuda,,2020-08-05,17.1451193168706,16.997656993506283,0,repositioning
Bermuda,,2020-08-06,7.740950068753774,7.6743714430184395,0,bhagavad
Bermuda,,2020-08-07,8.065588089670895,7.996217306241462,0,babes
Bermuda,,2020-08-08,13.787152751062228,13.668571740357345,0,pisses
Bolivia,,2020-08-04,129.46010236480853,113.64431708137654,0,juventus
Bolivia,,2020-08-05,138.70723139531032,121.76174974548364,0,quattrocento
Bolivia,,2020-08-06,119.41006364833274,104.8220640033058,0,potemkin
Bolivia,,2020-08-07,107.2353638207455,94.13471382897897,0,elder
Bolivia,,2020-08-08,100.45145626308368,88.1795776329548,0,infectious
Brazil,Acre,2020-08-04,143.2456264187833,143.2456264187833,0,limitations
Brazil,Acre,2020-08-05,362.73034106178307,362.73034106178307,0,nabi
Brazil,Acre,2020-08-06,134.17726360890853,134.17726360890853,0,hashemi
Brazil,Acre,2020-08-07,309.9283894666903,309.9283894666903,0,hendley
Brazil,Acre,2020-08-08,289.0338008204666,289.0338008204666,0,luit
Brazil,Alagoas,2020-08-04,202.00228870656517,202.00228870656517,0,janzen
Brazil,Alagoas,2020-08-05,472.62823365655464,472.62823365655464,0,cease
Brazil,Alagoas,2020-08-06,233.73190001104186,233.73190001104186,0,pit-bull
Brazil,Alagoas,2020-08-07,321.5152281938666,321.5152281938666,0,troups
Brazil,Alagoas,2020-08-08,296.45583045886445,296.45583045886445,0,tiiey
Brazil,Amazonas,2020-08-04,330.90430951277926,330.90430951277926,0,steppes
Brazil,Amazonas,2020-08-05,1613.5864651211505,1613.5864651211505,0,berst
Brazil,Amazonas,2020-08-06,911.0755476998969,911.0755476998969,0,campen
Brazil,Amazonas,2020-08-07,684.1270295874167,684.1270295874167,0,trutv
Brazil,Amazonas,2020-08-08,649.7636198061786,649.7636198061786,0,harmed
Brazil,Amapa,2020-08-04,270.43147255784976,270.43147255784976,0,trae
Brazil,Amapa,2020-08-05,752.7633846102183,752.7633846102183,0,natrona
Brazil,Amapa,2020-08-06,250.97891735729286,250.97891735729286,0,calloused
Brazil,Amapa,2020-08-07,272.5339530235022,272.5339530235022,0,alleges
Brazil,Amapa,2020-08-08,286.734654779782,286.734654779782,0,engelberg
Brazil,Bahia,2020-08-04,1772.1603017031723,1772.1603017031723,0,lacking
Brazil,Bahia,2020-08-05,5559.772799159144,5559.772799159144,0,resuscitate
Brazil,Bahia,2020-08-06,2226.929224712232,2226.929224712232,0,melnyk
Brazil,Bahia,2020-08-07,3633.0865714209817,3633.0865714209817,0,uncharacteristically
Brazil,Bahia,2020-08-08,3432.611607190048,3432.611607190048,0,values-based
Brazil,Ceara,2020-08-04,889.244944057712,889.244944057712,0,b-grade
Brazil,Ceara,2020-08-05,2534.9104821891997,2534.9104821891997,0,kappa
Brazil,Ceara,2020-08-06,1929.1866725615935,1929.1866725615935,0,helpings
Brazil,Ceara,2020-08-07,796.3268344412722,796.3268344412722,0,milo
Brazil,Ceara,2020-08-08,882.0800422827939,882.0800422827939,0,jalopy
Brazil,Distrito Federal,2020-08-04,584.4113528573944,584.4113528573944,0,recognizes
Brazil,Distrito Federal,2020-08-05,1409.165640275361,1409.165640275361,0,bunion
Brazil,Distrito Federal,2020-08-06,756.2217215027177,756.2217215027177,0,lincroft
Brazil,Distrito Federal,2020-08-07,546.8705741312715,546.8705741312715,0,sundry
Brazil,Distrito Federal,2020-08-08,537.3124425545843,537.3124425545843,0,nursultan
Brazil,Espirito Santo,2020-08-04,1212.5738554093932,1212.5738554093932,0,soup
Brazil,Espirito Santo,2020-08-05,3950.6408976877956,3950.6408976877956,0,calleja
Brazil,Espirito Santo,2020-08-06,2236.1431453892237,2236.1431453892237,0,symmetry
Brazil,Espirito Santo,2020-08-07,1086.7153919308932,1086.7153919308932,0,dimitri
Brazil,Espirito Santo,2020-08-08,939.2093403476532,939.2093403476532,0,anathema
Brazil,Goias,2020-08-04,347.1298089822518,347.1298089822518,0,pornographer
Brazil,Goias,2020-08-05,2018.8682961772904,2018.8682961772904,0,englishwoman
Brazil,Goias,2020-08-06,1069.4677244722864,1069.4677244722864,0,grinnell
Brazil,Goias,2020-08-07,816.4042311489678,816.4042311489678,0,risqu
Brazil,Goias,2020-08-08,823.3663438406901,823.3663438406901,0,trochim
Brazil,Maranhao,2020-08-04,122.21975923408831,122.21975923408831,0,razer
Brazil,Maranhao,2020-08-05,744.4403767081993,744.4403767081993,0,angelides
Brazil,Maranhao,2020-08-06,326.5718202031265,326.5718202031265,0,batching
Brazil,Maranhao,2020-08-07,229.8470856019293,229.8470856019293,0,oozes
Brazil,Maranhao,2020-08-08,246.08321168606932,246.08321168606932,0,fumed
Brazil,Minas Gerais,2020-08-04,1433.6027073033333,1433.6027073033333,0,waive
Brazil,Minas Gerais,2020-08-05,6107.708791477637,6107.708791477637,0,varvatos
Brazil,Minas Gerais,2020-08-06,3493.3183261241616,3493.3183261241616,0,lexisnexis
Brazil,Minas Gerais,2020-08-07,2992.8672113698804,2992.8672113698804,0,immensely
Brazil,Minas Gerais,2020-08-08,3074.29668907189,3074.29668907189,0,dissociates
Brazil,Mato Grosso do Sul,2020-08-04,571.4645649189479,571.4645649189479,0,standardized
Brazil,Mato Grosso do Sul,2020-08-05,1907.1929390826454,1907.1929390826454,0,fruity
Brazil,Mato Grosso do Sul,2020-08-06,654.773457781118,654.773457781118,0,reproved
Brazil,Mato Grosso do Sul,2020-08-07,1182.4517878791212,1182.4517878791212,0,niche
Brazil,Mato Grosso do Sul,2020-08-08,1125.700336250864,1125.700336250864,0,luck
Brazil,Mato Grosso,2020-08-04,346.7629212778327,346.7629212778327,0,multi
Brazil,Mato Grosso,2020-08-05,1378.2272664370325,1378.2272664370325,0,stink
Brazil,Mato Grosso,2020-08-06,441.4801127029883,441.4801127029883,0,shortcoming
Brazil,Mato Grosso,2020-08-07,277.1107589385299,277.1107589385299,0,realise
Brazil,Mato Grosso,2020-08-08,318.4316338949393,318.4316338949393,0,fallujah
Brazil,Para,2020-08-04,145.7740485251758,145.7740485251758,0,pinpoint
Brazil,Para,2020-08-05,1383.2154309050545,1383.2154309050545,0,kitsch
Brazil,Para,2020-08-06,759.3937342709986,759.3937342709986,0,strawberry-rhubarb
Brazil,Para,2020-08-07,625.8982573832861,625.8982573832861,0,swank
Brazil,Para,2020-08-08,651.7745249625342,651.7745249625342,0,raincoat
Brazil,Paraiba,2020-08-04,45.129669479676664,45.129669479676664,0,defection
Brazil,Paraiba,2020-08-05,972.5415982556564,972.5415982556564,0,pimping
Brazil,Paraiba,2020-08-06,690.9676230148737,690.9676230148737,0,flutist
Brazil,Paraiba,2020-08-07,276.9940625835344,276.9940625835344,0,carrying
Brazil,Paraiba,2020-08-08,285.89442315313823,285.89442315313823,0,cooperating
Brazil,Pernambuco,2020-08-04,560.1456268247255,560.1456268247255,0,entin
Brazil,Pernambuco,2020-08-05,2142.9058443959266,2142.9058443959266,0,faculty
Brazil,Pernambuco,2020-08-06,653.5454963726361,653.5454963726361,0,paddlers
Brazil,Pernambuco,2020-08-07,1366.9722984296147,1366.9722984296147,0,mishandling
Brazil,Pernambuco,2020-08-08,1352.1822676605564,1352.1822676605564,0,marga
Brazil,Piaui,2020-08-04,235.75914753061727,235.75914753061727,0,squirt
Brazil,Piaui,2020-08-05,1271.7558220901597,1271.7558220901597,0,wel
Brazil,Piaui,2020-08-06,506.4310229216863,506.4310229216863,0,split-second
Brazil,Piaui,2020-08-07,689.4137652899292,689.4137652899292,0,constable
Brazil,Piaui,2020-08-08,671.3159714097102,671.3159714097102,0,midwest
Brazil,Parana,2020-08-04,2039.8976890791764,2039.8976890791764,0,wills
Brazil,Parana,2020-08-05,7759.275499344966,7759.275499344966,0,catharina
Brazil,Parana,2020-08-06,4109.804707340352,4109.804707340352,0,connecticut
Brazil,Parana,2020-08-07,2774.7223464307353,2774.7223464307353,0,hailee
Brazil,Parana,2020-08-08,2866.303963124171,2866.303963124171,0,eloise
Brazil,Rio de Janeiro,2020-08-04,1677.9029503502766,1677.9029503502766,0,pharmacies
Brazil,Rio de Janeiro,2020-08-05,6517.203392041856,6517.203392041856,0,scioto
Brazil,Rio de Janeiro,2020-08-06,2870.1876335863853,2870.1876335863853,0,rapper
Brazil,Rio de Janeiro,2020-08-07,3617.293453387986,3617.293453387986,0,foxnews
Brazil,Rio de Janeiro,2020-08-08,3326.6999676751243,3326.6999676751243,0,thong
Brazil,Rio Grande do Norte,2020-08-04,1428.2037271564916,1428.2037271564916,0,because
Brazil,Rio Grande do Norte,2020-08-05,2685.1652329541116,2685.1652329541116,0,impart
Brazil,Rio Grande do Norte,2020-08-06,2111.8652441998274,2111.8652441998274,0,yappy
Brazil,Rio Grande do Norte,2020-08-07,3425.8657475196806,3425.8657475196806,0,miscues
Brazil,Rio Grande do Norte,2020-08-08,3104.443566036881,3104.443566036881,0,sponsorships
Brazil,Rondonia,2020-08-04,239.29735904158562,239.29735904158562,0,sorghum
Brazil,Rondonia,2020-08-05,901.7864723074445,901.7864723074445,0,drive-thru
Brazil,Rondonia,2020-08-06,301.73281064796987,301.73281064796987,0,vann
Brazil,Rondonia,2020-08-07,423.74667115027324,423.74667115027324,0,provocative
Brazil,Rondonia,2020-08-08,418.8083394323384,418.8083394323384,0,miracles
Brazil,Roraima,2020-08-04,43.20781868425877,43.20781868425877,0,seat-back
Brazil,Roraima,2020-08-05,379.4128243786964,379.4128243786964,0,journalists
Brazil,Roraima,2020-08-06,167.03351798606764,167.03351798606764,0,mares
Brazil,Roraima,2020-08-07,89.48236882706514,89.48236882706514,0,sudor
Brazil,Roraima,2020-08-08,83.81836766484717,83.81836766484717,0,karyn
Brazil,Rio Grande do Sul,2020-08-04,1835.0368883727365,1835.0368883727365,0,pacman
Brazil,Rio Grande do Sul,2020-08-05,8704.095752332838,8704.095752332838,0,dragons
Brazil,Rio Grande do Sul,2020-08-06,2843.296517053671,2843.296517053671,0,complex
Brazil,Rio Grande do Sul,2020-08-07,5035.996526276622,5035.996526276622,0,rns
Brazil,Rio Grande do Sul,2020-08-08,4747.624164842944,4747.624164842944,0,dinosaur
Brazil,Santa Catarina,2020-08-04,2094.707792432233,2094.707792432233,0,self-doubt
Brazil,Santa Catarina,2020-08-05,9740.95915065283,9740.95915065283,0,self-disclosure
Brazil,Santa Catarina,2020-08-06,6032.036265271621,6032.036265271621,0,ethier
Brazil,Santa Catarina,2020-08-07,5654.4880270414205,5654.4880270414205,0,hour
Brazil,Santa Catarina,2020-08-08,5232.595145637099,5232.595145637099,0,hav
Brazil,Sergipe,2020-08-04,390.97675592908837,390.97675592908837,0,well-oiled
Brazil,Sergipe,2020-08-05,877.0415092485348,877.0415092485348,0,bullion
Brazil,Sergipe,2020-08-06,744.8513036366419,744.8513036366419,0,skinny
Brazil,Sergipe,2020-08-07,566.2219148353548,566.2219148353548,0,savers
Brazil,Sergipe,2020-08-08,583.6724810987874,583.6724810987874,0,whiteman
Brazil,Sao Paulo,2020-08-04,274.34126546600595,274.34126546600595,0,backstop
Brazil,Sao Paulo,2020-08-05,13616.392740419178,13616.392740419178,0,tell-all
Brazil,Sao Paulo,2020-08-06,3960.776450457268,3960.776450457268,0,iowa
Brazil,Sao Paulo,2020-08-07,3900.5513259298223,3900.5513259298223,0,tombs
Brazil,Sao Paulo,2020-08-08,4068.498598660085,4068.498598660085,0,shoo
Brazil,Tocantins,2020-08-04,167.52134241618506,167.52134241618506,0,craziest
Brazil,Tocantins,2020-08-05,691.0514729737579,691.0514729737579,0,avengers
Brazil,Tocantins,2020-08-06,270.2409101209032,270.2409101209032,0,mortensen
Brazil,Tocantins,2020-08-07,397.6616052482059,397.6616052482059,0,squandering
Brazil,Tocantins,2020-08-08,377.6443170986236,377.6443170986236,0,alienate
Brazil,,2020-08-04,31849.02316141364,34566.71160630427,0,talbert
Brazil,,2020-08-05,47254.059013622005,51286.26463275976,0,qantas
Brazil,,2020-08-06,37569.968648134745,40775.82740092819,0,yetis
Brazil,,2020-08-07,33382.37326014704,36230.90301292269,0,movie-watching
Brazil,,2020-08-08,48078.45422068724,52181.005775300306,0,blackadder
Barbados,,2020-08-04,2.8256981034005553,2.8442043169775744,0,eino
Barbados,,2020-08-05,2.2747902006077245,2.289688378599455,0,threadbare
Barbados,,2020-08-06,4.550991744061137,4.580797343286861,0,ducking
Barbados,,2020-08-07,5.489446659658476,5.525398438152094,0,billboard
Barbados,,2020-08-08,1.6555813204080063,1.6664241423898458,0,gonzalez
Brunei,,2020-08-04,1.0756361082885033,1.0046392003599163,0,hesitated
Brunei,,2020-08-05,0.019106551082531988,0.01784543123206716,0,spoor
Brunei,,2020-08-06,0.03920134831142171,0.03661387984016435,0,golly
Brunei,,2020-08-07,0.05682546335060695,0.05307472259505375,0,clean-shaven
Brunei,,2020-08-08,0.07221613386104497,0.06744953838588086,0,balaban
Bhutan,,2020-08-04,0.0,0.0,0,eugenius
Bhutan,,2020-08-05,0.0,0.0,0,squeaky
Bhutan,,2020-08-06,0.0,0.0,0,hillah
Bhutan,,2020-08-07,0.0,0.0,0,intercontinental
Bhutan,,2020-08-08,0.0,0.0,0,conservatorship
Botswana,,2020-08-04,7.4419135269181895,6.612489172539093,0,keith
Botswana,,2020-08-05,13.585264234608491,12.071144381414523,0,murano
Botswana,,2020-08-06,319.70103625213955,284.06936374901,0,denatured
Botswana,,2020-08-07,27.828123209982245,24.726592529259623,0,bingham
Botswana,,2020-08-08,37.368075794954656,33.20328779674548,0,unjustifiable
Central African Republic,,2020-08-04,0.0,0.0,0,dyer
Central African Republic,,2020-08-05,0.0,0.0,0,fragment
Central African Republic,,2020-08-06,0.0,0.0,0,directives
Central African Republic,,2020-08-07,0.0,0.0,0,morphing
Central African Republic,,2020-08-08,0.0,0.0,0,leas
Canada,,2020-08-04,6450.0377219873935,5679.174014832748,1,phrma
Canada,,2020-08-05,6019.172236123294,5299.802579086521,1,anthropomorphism
Canada,,2020-08-06,6811.915245408309,5997.802450222866,1,momentary
Canada,,2020-08-07,7035.816922757563,6194.944954296091,1,uremic
Canada,,2020-08-08,6594.979656013079,5806.793495657217,1,dannie
Switzerland,,2020-08-04,3371.6569960439906,3552.7344344860603,1,nly
Switzerland,,2020-08-05,4058.234108116376,4276.18469969736,1,rolling
Switzerland,,2020-08-06,3614.574464405505,3808.697972769677,1,hanton
Switzerland,,2020-08-07,3327.925701822059,3506.654517392124,1,leasure
Switzerland,,2020-08-08,0.0,0.0,1,cursory
Chile,,2020-08-04,915.3050282884724,945.0247526243496,0,effervescent
Chile,,2020-08-05,881.9933977923732,910.6315018542158,0,incomprehensible
Chile,,2020-08-06,1405.8542201718026,1451.5019535378729,0,ros
Chile,,2020-08-07,1396.8300668355835,1442.1847882097732,0,alongside
Chile,,2020-08-08,1497.6233870680687,1546.2508422300411,0,bellino
China,,2020-08-04,1.798511848117437,1.9144257722966618,0,prioritize
China,,2020-08-05,18.071858752163322,19.236588396490436,0,residencies
China,,2020-08-06,3.681634621469234,3.9189156362233435,0,adrift
China,,2020-08-07,5.195817880189101,5.530687867530977,0,icing
China,,2020-08-08,9.906630805143928,10.545112254805218,0,extremes
Cote d'Ivoire,,2020-08-04,0.0,0.0,0,indictments
Cote d'Ivoire,,2020-08-05,0.0,0.0,0,circuits
Cote d'Ivoire,,2020-08-06,0.0,0.0,0,panera
Cote d'Ivoire,,2020-08-07,0.0,0.0,0,infinite
Cote d'Ivoire,,2020-08-08,0.0,0.0,0,yuh
Cameroon,,2020-08-04,57.66255920595437,53.077053669753504,0,peacetime
Cameroon,,2020-08-05,84.50068528167803,77.78092872720498,0,three-ring
Cameroon,,2020-08-06,156.18297882788272,143.7628239832527,0,chassie
Cameroon,,2020-08-07,147.9870065279751,136.2186208186958,0,nought
Cameroon,,2020-08-08,50.59016355824255,46.567076857476174,0,forcible
Democratic Republic of Congo,,2020-08-04,74.89330675635657,74.69081249460245,0,psa
Democratic Republic of Congo,,2020-08-05,111.67811523602924,111.37616331965333,0,husk
Democratic Republic of Congo,,2020-08-06,167.2871159553639,166.8348101016972,0,barea
Democratic Republic of Congo,,2020-08-07,68.23701884510689,68.05252165365167,0,vaster
Democratic Republic of Congo,,2020-08-08,204.0233965546636,203.47176425459298,0,weir
Congo,,2020-08-04,0.0,0.0,0,adages
Congo,,2020-08-05,0.0,0.0,0,rehabbed
Congo,,2020-08-06,0.0,0.0,0,duplicated
Congo,,2020-08-07,0.0,0.0,0,eric
Congo,,2020-08-08,0.0,0.0,0,azzara
Colombia,,2020-08-04,7127.192897130133,7543.004728882075,0,delmoi
Colombia,,2020-08-05,7732.272404985455,8183.3855428965435,0,candlestick
Colombia,,2020-08-06,8353.294501946753,8840.63906216155,0,hotshots
Colombia,,2020-08-07,8656.652450928143,9161.695399030441,0,liebman
Colombia,,2020-08-08,7789.757940456951,8244.224876440947,0,clit
Comoros,,2020-08-04,0.0,0.0,0,abrasiveness
Comoros,,2020-08-05,0.0,0.0,0,frittering
Comoros,,2020-08-06,0.0,0.0,0,enthoven
Comoros,,2020-08-07,0.0,0.0,0,misstep
Comoros,,2020-08-08,0.0,0.0,0,ferb
Cape Verde,,2020-08-04,0.0,0.0,0,wardens
Cape Verde,,2020-08-05,0.0,0.0,0,attributable
Cape Verde,,2020-08-06,0.0,0.0,0,vividly
Cape Verde,,2020-08-07,0.0,0.0,0,sarcasm
Cape Verde,,2020-08-08,0.0,0.0,0,newly
Costa Rica,,2020-08-04,809.7364618500419,748.0817416233162,0,mecum
Costa Rica,,2020-08-05,1290.8023859948592,1192.5184828658416,0,panhandling
Costa Rica,,2020-08-06,1247.970828638179,1152.948193600841,0,isd
Costa Rica,,2020-08-07,1439.67266247481,1330.0535216741728,0,ioved
Costa Rica,,2020-08-08,0.0,0.0,0,plotz
Cuba,,2020-08-04,80.88724144446881,75.06678024710334,0,yeller
Cuba,,2020-08-05,82.52345996954993,76.5852602232418,0,first-aid
Cuba,,2020-08-06,54.32038941932137,50.411618231247154,0,ministries
Cuba,,2020-08-07,43.58054371298801,40.44458729870381,0,siliceous
Cuba,,2020-08-08,75.8027883878634,70.34819282267077,0,exceeding
Cyprus,,2020-08-04,0.0,0.0,0,pangaea
Cyprus,,2020-08-05,0.0,0.0,0,purdy
Cyprus,,2020-08-06,0.0,0.0,0,first-ever
Cyprus,,2020-08-07,0.0,0.0,0,redeem
Cyprus,,2020-08-08,0.0,0.0,0,baudelaires
Czech Republic,,2020-08-04,4680.697167816206,4640.439268960305,0,commemoration
Czech Republic,,2020-08-05,1608.8791861343134,1595.0414834963153,0,solicitous
Czech Republic,,2020-08-06,5346.811564301391,5300.824526165865,0,renew
Czech Republic,,2020-08-07,3573.9353707898554,3543.1965463121514,0,melissa
Czech Republic,,2020-08-08,1778.4384906344162,1763.1424365829625,0,bergner
Germany,,2020-08-04,15333.98660986991,15980.986767358201,0,homogenized
Germany,,2020-08-05,30986.1343048284,32293.55906560608,0,best-seller
Germany,,2020-08-06,19840.201821371236,20677.33661414354,0,clohessy
Germany,,2020-08-07,18796.514228789925,19589.61180841284,0,invariably
Germany,,2020-08-08,12175.334929929846,12689.059365561407,0,honked
Djibouti,,2020-08-04,0.7725056290602933,0.7048585753411895,0,all-day
Djibouti,,2020-08-05,0.057383553769168975,0.05235856987469811,0,windowsill
Djibouti,,2020-08-06,5.689214601426697,5.19101938926963,0,nevis
Djibouti,,2020-08-07,0.0,0.0,0,snapped
Djibouti,,2020-08-08,0.0,0.0,0,offering
Dominica,,2020-08-04,0.0,0.0,0,full-throttle
Dominica,,2020-08-05,0.0,0.0,0,motorcyclist
Dominica,,2020-08-06,0.0,0.0,0,polgreen
Dominica,,2020-08-07,0.0,0.0,0,phobic
Dominica,,2020-08-08,0.0,0.0,0,especial
Denmark,,2020-08-04,1418.9605347094807,1477.4404649998683,1,pick-me-up
Denmark,,2020-08-05,1240.1937835552517,1291.3061607037341,1,tomblike
Denmark,,2020-08-06,1237.312074981741,1288.3056876456772,1,softly
Denmark,,2020-08-07,1329.8273542395882,1384.6338193045972,1,james
Denmark,,2020-08-08,1590.8486249884866,1656.4126166684478,1,compassion
Dominican Republic,,2020-08-04,418.89543253202174,440.4697881086116,0,sec
Dominican Republic,,2020-08-05,431.60887126621395,453.83800659581937,0,grind
Dominican Republic,,2020-08-06,1575.0470835764686,1656.166673793896,0,pleated
Dominican Republic,,2020-08-07,887.2261774897875,932.9209536641733,0,barges
Dominican Republic,,2020-08-08,865.5641549789046,910.1432728293671,0,tremayne
Algeria,,2020-08-04,1332.3490094933202,1203.373452489194,0,awash
Algeria,,2020-08-05,1212.82603469409,1095.4206759936224,0,architectural
Algeria,,2020-08-06,1295.256006596712,1169.8711684473737,0,intertidal
Algeria,,2020-08-07,1276.8593990479567,1153.255410127072,0,attewell
Algeria,,2020-08-08,1269.6011121246029,1146.6997481106796,0,enrolled
Ecuador,,2020-08-04,676.7705776479143,724.5703534418067,0,failover
Ecuador,,2020-08-05,1008.2319450390587,1079.4425775825132,0,waddington
Ecuador,,2020-08-06,1087.494635553543,1164.3035298426257,0,second-straight
Ecuador,,2020-08-07,1445.8487751284026,1547.967941601633,0,terrain
Ecuador,,2020-08-08,1275.2085136084254,1365.275492070744,0,zack
Egypt,,2020-08-04,393.3602891192894,395.8644882857362,0,rourke
Egypt,,2020-08-05,405.92432094770254,408.50850489884215,0,slave-owner
Egypt,,2020-08-06,419.40134882304756,422.07132984853644,0,misinform
Egypt,,2020-08-07,417.8157519266976,420.4756387699927,0,conduit
Egypt,,2020-08-08,418.27461288744394,420.9374209184318,0,woo-hoo
Eritrea,,2020-08-04,0.0,0.0,0,inflationary
Eritrea,,2020-08-05,0.0,0.0,0,ex-employee
Eritrea,,2020-08-06,0.0,0.0,0,headley
Eritrea,,2020-08-07,0.0,0.0,0,sawhorses
Eritrea,,2020-08-08,0.0,0.0,0,subsection
Spain,,2020-08-04,10298.37846065321,10270.53401588275,1,stand-off
Spain,,2020-08-05,8722.01725006212,8698.43492314199,1,orihime
Spain,,2020-08-06,10966.217035733607,10936.566909186113,1,electromagnet
Spain,,2020-08-07,9182.055385787602,9157.2292216448,1,under-staffed
Spain,,2020-08-08,0.0,0.0,1,carpool
Estonia,,2020-08-04,251.55986843641557,257.04186454196827,0,lounges
Estonia,,2020-08-05,425.1827824560416,434.44837148683416,0,browsers
Estonia,,2020-08-06,460.46530079322673,470.4997669478656,0,refreshment
Estonia,,2020-08-07,420.16536889536064,429.3216183809763,0,poul
Estonia,,2020-08-08,423.61046929246476,432.8417944532171,0,judah
Ethiopia,,2020-08-04,0.0,0.0,0,abou
Ethiopia,,2020-08-05,0.0,0.0,0,ajar
Ethiopia,,2020-08-06,0.0,0.0,0,keepin
Ethiopia,,2020-08-07,0.0,0.0,0,re-form
Ethiopia,,2020-08-08,0.0,0.0,0,pro-charter
Finland,,2020-08-04,427.0835308661111,433.1904989029706,1,srinagar
Finland,,2020-08-05,442.5061690160829,448.83366898971576,1,lolol
Finland,,2020-08-06,588.4110883286985,596.8249171215572,1,tolerating
Finland,,2020-08-07,717.8223395246683,728.086650290131,1,closets
Finland,,2020-08-08,650.8682269842018,660.1751451187856,1,speedboat
Fiji,,2020-08-04,0.0,0.0,0,camcorder
Fiji,,2020-08-05,0.0,0.0,0,waterspouts
Fiji,,2020-08-06,0.0,0.0,0,whys
Fiji,,2020-08-07,0.0,0.0,0,protective
Fiji,,2020-08-08,0.0,0.0,0,voila
France,,2020-08-04,4701.985835410871,4917.052139733914,0,lbgt
France,,2020-08-05,12692.745643415017,13273.305005521888,0,bodo
France,,2020-08-06,9704.584525680726,10148.467004698525,0,lunge
France,,2020-08-07,8952.73694348289,9362.23031828439,0,bonobos
France,,2020-08-08,8779.031337813944,9180.57951159632,0,simpler
Faeroe Islands,,2020-08-04,0.0,0.0,0,telegenic
Faeroe Islands,,2020-08-05,0.0,0.0,0,abg
Faeroe Islands,,2020-08-06,0.0,0.0,0,provokes
Faeroe Islands,,2020-08-07,0.0,0.0,0,galaxies
Faeroe Islands,,2020-08-08,0.0,0.0,0,genest
Gabon,,2020-08-04,0.0,0.0,0,frequencies
Gabon,,2020-08-05,0.0,0.0,0,chester
Gabon,,2020-08-06,0.0,0.0,0,anxiety-producing
Gabon,,2020-08-07,0.0,0.0,0,lush
Gabon,,2020-08-08,0.0,0.0,0,callus
United Kingdom,,2020-08-04,14299.250954927827,8034.520192427639,0,gastrointestinal
United Kingdom,,2020-08-05,14565.424397695722,14707.368974688845,0,kathie
United Kingdom,,2020-08-06,12279.33730790729,14211.26035279344,0,non-reflective
United Kingdom,,2020-08-07,11663.139079529996,11660.407188039824,0,woolen
United Kingdom,,2020-08-08,8010.129465696353,12994.73035506303,0,autonomic
United Kingdom,England,2020-08-04,12154.350169175104,12198.445108553504,1,underarm
United Kingdom,England,2020-08-05,12185.916238011352,12230.125696378622,1,cornelius
United Kingdom,England,2020-08-06,10310.475142649886,10347.880661665675,1,herskovits
United Kingdom,England,2020-08-07,9934.800478801888,9970.843082376061,1,victoriously
United Kingdom,England,2020-08-08,6570.012643938118,6593.848085999389,1,twinsburg
United Kingdom,Northern Ireland,2020-08-04,339.27459229629807,326.18663412263277,0,hesitation
United Kingdom,Northern Ireland,2020-08-05,413.0273424541628,397.0942761256967,0,embroiling
United Kingdom,Northern Ireland,2020-08-06,310.98070941700803,298.98422453401383,0,exposer
United Kingdom,Northern Ireland,2020-08-07,276.51850213179796,265.85144166714366,0,masterminded
United Kingdom,Northern Ireland,2020-08-08,279.34891805739346,268.572670621214,0,sickest
United Kingdom,Scotland,2020-08-04,990.5555019741004,853.4289603614673,0,monadnock
United Kingdom,Scotland,2020-08-05,932.3280400545088,803.2621578032163,0,unchanged
United Kingdom,Scotland,2020-08-06,792.576955243125,682.8573720216266,0,cysteine
United Kingdom,Scotland,2020-08-07,720.279510039444,620.5683499789416,0,organist
United Kingdom,Scotland,2020-08-08,531.2269750074913,457.68711000351834,0,prety
United Kingdom,Wales,2020-08-04,1211.6826395072117,1159.5004244310935,0,joris
United Kingdom,Wales,2020-08-05,1438.1474593019334,1376.2123307578888,0,background
United Kingdom,Wales,2020-08-06,1205.8910044284687,1153.958211385371,0,nosotros
United Kingdom,Wales,2020-08-07,1055.0358768763906,1009.5997971265189,0,catalonia
United Kingdom,Wales,2020-08-08,851.7143181481705,815.0344662761551,0,dornsife
Georgia,,2020-08-04,0.0,0.0,0,anti-sharia
Georgia,,2020-08-05,0.0,0.0,0,red-head
Georgia,,2020-08-06,0.0,0.0,0,ludlow
Georgia,,2020-08-07,0.0,0.0,0,strad
Georgia,,2020-08-08,0.0,0.0,0,anybody
Ghana,,2020-08-04,216.38618042040565,228.70426291957548,0,casey
Ghana,,2020-08-05,38.669800038809655,40.87113187145722,0,dunham
Ghana,,2020-08-06,11.919045197410787,12.597553324721837,0,socialize
Ghana,,2020-08-07,20.461483435675497,21.626281670601408,0,idling
Ghana,,2020-08-08,157.53200820487984,166.4997355780306,0,astern
Guinea,,2020-08-04,0.0,0.0,0,mcgrady
Guinea,,2020-08-05,0.0,0.0,0,kreuzberg
Guinea,,2020-08-06,0.0,0.0,0,kerr
Guinea,,2020-08-07,0.0,0.0,0,disgorgement
Guinea,,2020-08-08,0.0,0.0,0,georgian
Gambia,,2020-08-04,0.6340108357219164,0.6670445845105704,0,parameters
Gambia,,2020-08-05,2.2642937441155877,2.3822698204103503,0,implanting
Gambia,,2020-08-06,2.3654295812294257,2.488675119256565,0,carbon
Gambia,,2020-08-07,4.467176285598037,4.699928741705589,0,shihab
Gambia,,2020-08-08,1.7290520041353525,1.8191404794878117,0,sensuously
Greece,,2020-08-04,1701.5622938494128,1861.3623961233586,0,lens
Greece,,2020-08-05,1788.3874018885826,1956.3415759792101,0,gamay
Greece,,2020-08-06,1724.3041494631918,1886.2400247653234,0,relational
Greece,,2020-08-07,1721.0485089098959,1882.67863478677,0,brannigan
Greece,,2020-08-08,1493.2668942253483,1633.5051936294055,0,gopher
Greenland,,2020-08-04,0.0,0.0,0,reflected
Greenland,,2020-08-05,0.0,0.0,0,taxcut
Greenland,,2020-08-06,0.0,0.0,0,relies
Greenland,,2020-08-07,0.0,0.0,0,hunchback
Greenland,,2020-08-08,0.0,0.0,0,dhec
Guatemala,,2020-08-04,612.9136219449858,602.7816164494905,0,garbin
Guatemala,,2020-08-05,632.8314164616041,622.3701521663776,0,qur'ans
Guatemala,,2020-08-06,687.4581057612509,676.0938138674071,0,swimmer
Guatemala,,2020-08-07,439.40847826525084,432.1446666005292,0,shall
Guatemala,,2020-08-08,661.6127128119924,650.6756681745633,0,ob-gyn
Guam,,2020-08-04,38.693488781106375,40.74051682672895,0,hyssop
Guam,,2020-08-05,34.80546953700114,36.64680704694656,0,hyland
Guam,,2020-08-06,29.451336381363465,31.0094205307347,0,height-adjustable
Guam,,2020-08-07,7.911705215865544,8.330263556706685,0,consensus-building
Guam,,2020-08-08,2.2620617718823217,2.3817331696766413,0,effectual
Guyana,,2020-08-04,23.0818419716598,23.729456815279686,0,understate
Guyana,,2020-08-05,36.03754905647129,37.04866644152687,0,horrifies
Guyana,,2020-08-06,31.492651350178402,32.37625104314757,0,pressman
Guyana,,2020-08-07,29.221265949596297,30.04113663416117,0,gram
Guyana,,2020-08-08,26.339103159526108,27.078108053272807,0,tabatha
Hong Kong,,2020-08-04,144.74035741116367,133.8089515297302,0,spilt
Hong Kong,,2020-08-05,162.224093335749,149.9722415390652,0,coeditor
Hong Kong,,2020-08-06,178.61848742216657,165.1284614276002,0,okafor
Hong Kong,,2020-08-07,210.86659105450425,194.9410514546328,0,fitzgerald
Hong Kong,,2020-08-08,218.40263217832896,201.90793877963353,0,secretive
Honduras,,2020-08-04,46.1429842956322,46.15132568623673,0,leek
Honduras,,2020-08-05,916.3919939750144,916.5576526051462,0,antimacassars
Honduras,,2020-08-06,585.6783205536799,585.7841951891183,0,left-to-right
Honduras,,2020-08-07,521.461313918122,521.5555798736283,0,farzad
Honduras,,2020-08-08,496.5820786587765,496.67184712842646,0,upon
Croatia,,2020-08-04,2352.942173620419,2467.0926509170076,0,robinsons
Croatia,,2020-08-05,3498.7291181016117,3668.466225643125,0,shanahan
Croatia,,2020-08-06,3826.072100181109,4011.6899029912906,0,fleece
Croatia,,2020-08-07,3804.321048157907,3988.8836219029686,0,jayne
Croatia,,2020-08-08,3680.866637632656,3859.4399524644214,0,recitation
Haiti,,2020-08-04,0.0,0.0,0,conclude
Haiti,,2020-08-05,0.0,0.0,0,thermometer
Haiti,,2020-08-06,0.0,0.0,0,townhouses
Haiti,,2020-08-07,0.0,0.0,0,government-based
Haiti,,2020-08-08,0.0,0.0,0,eases
Hungary,,2020-08-04,4764.322420737888,5535.725233861172,0,broca
Hungary,,2020-08-05,4657.507103937848,5411.615194204939,0,travesty
Hungary,,2020-08-06,6373.689142548037,7405.668362328339,0,encomiums
Hungary,,2020-08-07,5675.027151817936,6593.884341333115,0,quisling
Hungary,,2020-08-08,5041.401944434145,5857.667364485078,0,addicts
Indonesia,,2020-08-04,4536.174059424591,4657.389227564665,0,cations
Indonesia,,2020-08-05,5872.292030834266,6029.210803474019,0,establishments
Indonesia,,2020-08-06,5224.373515192109,5363.978677113715,0,blackberryr
Indonesia,,2020-08-07,6115.558973634979,6278.978300042779,0,fervently
Indonesia,,2020-08-08,5668.8379276550295,5820.3200210574805,0,hideous
India,,2020-08-04,40049.240622198384,39747.514063143935,0,investiga
India,,2020-08-05,41266.01981647784,40955.12617725619,0,mentality
India,,2020-08-06,40947.82635948407,40639.32995465191,0,grievously
India,,2020-08-07,39830.03192453402,39529.956859616126,0,notter
India,,2020-08-08,40544.071773101954,40238.61721076565,0,incitements
Ireland,,2020-08-04,174.2888310183575,169.09332694633557,0,walkin
Ireland,,2020-08-05,226.7325331309379,219.97369613456397,0,browne
Ireland,,2020-08-06,281.76171095831404,273.3624686886267,0,osteoporosis
Ireland,,2020-08-07,180.35434777283578,174.97803224655897,0,canonize
Ireland,,2020-08-08,214.39120284420554,208.00025764780662,0,nichole
Iran,,2020-08-04,15998.551837282535,14675.028077963572,0,scutaro
Iran,,2020-08-05,15994.475584931944,14671.289044686922,0,sammy
Iran,,2020-08-06,16004.058682311424,14680.079354244192,0,pathologize
Iran,,2020-08-07,15909.121640415744,14592.996237620397,0,cruelly
Iran,,2020-08-08,15122.368721188852,13871.329595695413,0,vollard
Iraq,,2020-08-04,2127.8449722601067,2057.5593219392713,0,banished
Iraq,,2020-08-05,2221.099765076102,2147.733780499691,0,simpatico
Iraq,,2020-08-06,2195.6022325152176,2123.078466559515,0,shortens
Iraq,,2020-08-07,2227.5759046712374,2153.9960042837843,0,sixth-generation
Iraq,,2020-08-08,1263.230892399089,1221.5046360528227,0,nurse
Iceland,,2020-08-04,10.203597092847499,10.54474402589122,0,kibbutz
Iceland,,2020-08-05,14.72577762931786,15.218119087845961,0,mutability
Iceland,,2020-08-06,10.850527959942681,11.213304371217715,0,ablative
Iceland,,2020-08-07,21.466028998972156,22.183723934492516,0,kendis
Iceland,,2020-08-08,22.964833975672846,23.732639937371466,0,tribunals
Israel,,2020-08-04,1042.7216824022241,996.2651319511006,0,mich
Israel,,2020-08-05,1255.9900972905643,1200.031764107671,0,ungrateful
Israel,,2020-08-06,1223.2695619916406,1168.7690321944026,0,tomato
Israel,,2020-08-07,1137.394362111541,1086.719844205165,0,pournelle
Israel,,2020-08-08,649.7322954436682,620.7846657238523,0,buyout
Italy,,2020-08-04,18761.36408805573,18791.932172443354,0,spatters
Italy,,2020-08-05,21716.970270077833,21752.353954160906,0,stickiness
Italy,,2020-08-06,25247.546459112014,25288.682547464672,0,jealously
Italy,,2020-08-07,24880.960499921614,24921.499305982685,0,cliffside
Italy,,2020-08-08,23005.684587873147,23043.16798751171,0,nsa
Jamaica,,2020-08-04,0.0,0.0,0,interferes
Jamaica,,2020-08-05,0.0,0.0,0,whole-food
Jamaica,,2020-08-06,0.0,0.0,0,utilised
Jamaica,,2020-08-07,0.0,0.0,0,zain
Jamaica,,2020-08-08,0.0,0.0,0,throw-in
Jordan,,2020-08-04,4017.17328606521,4186.67335247775,0,openness
Jordan,,2020-08-05,4553.485713435227,4745.614873885712,0,potential
Jordan,,2020-08-06,4610.290928905684,4804.81692093628,0,cost-effectiveness
Jordan,,2020-08-07,4118.699456425015,4292.483304340905,0,bering
Jordan,,2020-08-08,2593.31078703942,2702.7325917089643,0,pantyhose
Japan,,2020-08-04,1685.983276481092,1541.649572701058,0,anti-sharia
Japan,,2020-08-05,2562.5298705289315,2343.1567412578243,0,rejoices
Japan,,2020-08-06,3237.3344221098105,2960.192605796578,0,sergeant
Japan,,2020-08-07,3311.6492925769176,3028.1455267413635,0,argentinean
Japan,,2020-08-08,3413.6444802042215,3121.409107475915,0,mccarroll
Kazakhstan,,2020-08-04,1639.110667020239,1552.4109231966377,0,left-side
Kazakhstan,,2020-08-05,1166.2808204514365,1104.591118594185,0,counterargument
Kazakhstan,,2020-08-06,1055.351051487437,999.5289110737785,0,enes
Kazakhstan,,2020-08-07,1035.83671308087,981.0467715142925,0,easter
Kazakhstan,,2020-08-08,1064.840805502692,1008.5167104262853,0,clincher
Kenya,,2020-08-04,754.8141594054135,677.3230332320172,0,whooooo
Kenya,,2020-08-05,864.1090878214179,775.397468520722,0,walla
Kenya,,2020-08-06,819.449059319293,735.322351232096,0,forend
Kenya,,2020-08-07,1669.4439957351697,1498.054662743803,0,tenet
Kenya,,2020-08-08,977.9713328108178,877.5703281390126,0,sandler
Kyrgyz Republic,,2020-08-04,443.52508709992344,425.8236041342968,0,additions
Kyrgyz Republic,,2020-08-05,787.7609448907309,756.3207009168254,0,abductions
Kyrgyz Republic,,2020-08-06,362.6346744220369,348.1616001840038,0,kwik
Kyrgyz Republic,,2020-08-07,14.063688721649664,13.502394324599985,0,auditoriums
Kyrgyz Republic,,2020-08-08,455.70538540976065,437.51777584313913,0,si
Cambodia,,2020-08-04,0.0,0.0,0,oc
Cambodia,,2020-08-05,0.0,0.0,0,quality
Cambodia,,2020-08-06,0.0,0.0,0,hydrological
Cambodia,,2020-08-07,0.0,0.0,0,adoptees
Cambodia,,2020-08-08,0.0,0.0,0,bettendorf
South Korea,,2020-08-04,541.9823866019267,565.4897915831399,1,terrorizing
South Korea,,2020-08-05,714.8258168377913,745.829960852114,1,zimmermann
South Korea,,2020-08-06,676.1175857691728,705.4428374683017,1,shoeless
South Korea,,2020-08-07,580.096212562031,605.2567287224563,1,pelz
South Korea,,2020-08-08,546.6131630047512,570.3214186758939,1,musubi
Kuwait,,2020-08-04,274.7247214204254,303.2229415872823,0,pawtucket
Kuwait,,2020-08-05,294.4902974333337,325.0388745321341,0,infirmary
Kuwait,,2020-08-06,215.9133196749682,238.3108137528227,0,breather
Kuwait,,2020-08-07,221.9750569032065,245.00135759602745,0,mand
Kuwait,,2020-08-08,217.14288907131973,239.6679309693576,0,fleets
Laos,,2020-08-04,0.0,0.0,0,src
Laos,,2020-08-05,0.0,0.0,0,goulding
Laos,,2020-08-06,0.0,0.0,0,nine-page
Laos,,2020-08-07,0.0,0.0,0,gulen
Laos,,2020-08-08,0.0,0.0,0,downhill
Lebanon,,2020-08-04,1076.29938128063,1143.6864870358074,0,bodum
Lebanon,,2020-08-05,1526.8856214448965,1622.4839323218764,0,monster
Lebanon,,2020-08-06,1715.6219446155053,1823.0370369480393,0,byline
Lebanon,,2020-08-07,1595.1376908418251,1695.0092638784358,0,pets
Lebanon,,2020-08-08,1459.1322354441836,1550.4885067296618,0,embryonic
Liberia,,2020-08-04,0.0,0.0,0,ten-year-old
Liberia,,2020-08-05,0.0,0.0,0,saree
Liberia,,2020-08-06,0.0,0.0,0,jealous
Liberia,,2020-08-07,0.0,0.0,0,ruffalo
Liberia,,2020-08-08,0.0,0.0,0,repeal
Libya,,2020-08-04,0.0,0.0,0,nuyorican
Libya,,2020-08-05,0.0,0.0,0,resiliency
Libya,,2020-08-06,0.0,0.0,0,cyclotron
Libya,,2020-08-07,0.0,0.0,0,outing
Libya,,2020-08-08,0.0,0.0,0,cleary
Sri Lanka,,2020-08-04,475.65034876828827,508.16350343259126,0,funes
Sri Lanka,,2020-08-05,482.3902459244304,515.3641073226328,0,categorizations
Sri Lanka,,2020-08-06,511.24837761795976,546.1948411628949,0,expect
Sri Lanka,,2020-08-07,431.6055775531796,461.1080449292698,0,corvette
Sri Lanka,,2020-08-08,457.8312460546076,489.12637314043985,0,accretions
Lesotho,,2020-08-04,4.9161461693790995,4.746293506368659,0,latitudes
Lesotho,,2020-08-05,0.0,0.0,0,juden
Lesotho,,2020-08-06,17.07231421148713,16.482466405367415,0,personals
Lesotho,,2020-08-07,0.0,0.0,0,advertorials
Lesotho,,2020-08-08,0.0,0.0,0,prefixes
Lithuania,,2020-08-04,0.0,0.0,0,smiles
Lithuania,,2020-08-05,0.0,0.0,0,pent
Lithuania,,2020-08-06,0.0,0.0,0,sainthood
Lithuania,,2020-08-07,0.0,0.0,0,upend
Lithuania,,2020-08-08,0.0,0.0,0,dependability
Luxembourg,,2020-08-04,322.42831023575155,314.6374956919248,0,criterium
Luxembourg,,2020-08-05,577.5206849862703,563.5660897813332,0,disabilities
Luxembourg,,2020-08-06,731.8696311576222,714.1855122834487,0,yardley
Luxembourg,,2020-08-07,475.842124136369,464.34438146428045,0,enlargements
Luxembourg,,2020-08-08,0.0,0.0,0,satisfactory
Latvia,,2020-08-04,0.0,0.0,0,self-satisfying
Latvia,,2020-08-05,0.0,0.0,0,thule
Latvia,,2020-08-06,0.0,0.0,0,pigeonhole
Latvia,,2020-08-07,0.0,0.0,0,strive
Latvia,,2020-08-08,0.0,0.0,0,consensuses
Macao,,2020-08-04,0.0,0.0,0,chertoff
Macao,,2020-08-05,0.0,0.0,0,lombardo
Macao,,2020-08-06,0.0,0.0,0,salivation
Macao,,2020-08-07,0.0,0.0,0,jukka
Macao,,2020-08-08,0.0,0.0,0,collin
Morocco,,2020-08-04,3698.556349312263,3827.9337736998773,0,meanderings
Morocco,,2020-08-05,4578.997969865038,4739.173699978603,0,eliding
Morocco,,2020-08-06,3733.158630521674,3863.7464606995477,0,languish
Morocco,,2020-08-07,4065.998088037212,4208.22881551904,0,misty
Morocco,,2020-08-08,3819.7741416089757,3953.391827405671,0,mine
Monaco,,2020-08-04,0.0,0.0,0,recommender
Monaco,,2020-08-05,0.0,0.0,0,tr
Monaco,,2020-08-06,0.0,0.0,0,shawl
Monaco,,2020-08-07,0.0,0.0,0,tanzanian
Monaco,,2020-08-08,0.0,0.0,0,necessarily
Moldova,,2020-08-04,0.0,0.0,0,mosley
Moldova,,2020-08-05,0.0,0.0,0,frontline
Moldova,,2020-08-06,0.0,0.0,0,three-d
Moldova,,2020-08-07,0.0,0.0,0,contradiction
Moldova,,2020-08-08,0.0,0.0,0,questing
Madagascar,,2020-08-04,0.0,0.0,0,lauren
Madagascar,,2020-08-05,0.0,0.0,0,submariners
Madagascar,,2020-08-06,0.0,0.0,0,transcribers
Madagascar,,2020-08-07,0.0,0.0,0,publisher
Madagascar,,2020-08-08,0.0,0.0,0,inequality
Mexico,,2020-08-04,10790.577765151142,12127.663727254996,0,exceedingly
Mexico,,2020-08-05,10315.753137898793,11594.00245961341,0,soul-killing
Mexico,,2020-08-06,9099.854760719725,10227.439244382622,0,incidentals
Mexico,,2020-08-07,2202.497418294248,2475.4140724035447,0,ikram
Mexico,,2020-08-08,22547.955234564357,25341.92559226372,0,florentino
Mali,,2020-08-04,105.2815406709087,105.52949488267492,0,libertarians
Mali,,2020-08-05,55.42877227089338,55.55931554989573,0,mid-20s
Mali,,2020-08-06,58.00374049441868,58.14034821940195,0,rickey
Mali,,2020-08-07,77.79642021845818,77.97964274664857,0,manilow
Mali,,2020-08-08,109.08994880221742,109.3468724005472,0,wv
Myanmar,,2020-08-04,1867.9198439709946,1772.1509460860132,0,dr
Myanmar,,2020-08-05,1503.4830600102098,1426.3989623650898,0,banking
Myanmar,,2020-08-06,1851.0552244176868,1756.1509814230544,0,cavorting
Myanmar,,2020-08-07,1641.0000140973668,1556.865374548142,0,vient
Myanmar,,2020-08-08,1545.6421616658874,1466.3965522651015,0,termina
Mongolia,,2020-08-04,26.634944478657335,27.210348382838514,0,tilt
Mongolia,,2020-08-05,13.68856928410062,13.984288173810995,0,zlotys
Mongolia,,2020-08-06,27.67548102621758,28.27336400079401,0,dammit
Mongolia,,2020-08-07,24.559281479866215,25.089844119436314,0,soft-drink
Mongolia,,2020-08-08,27.57592843523722,28.17166074080935,0,posterior
Mozambique,,2020-08-04,108.75124223119992,103.37050655674716,0,tool
Mozambique,,2020-08-05,51.356971482481185,48.81595877386165,0,drive-in
Mozambique,,2020-08-06,157.0394382428537,149.26952508771987,0,in-patient
Mozambique,,2020-08-07,32.27780273950937,30.680778915871606,0,analytically
Mozambique,,2020-08-08,81.74557406493935,77.70101036547615,0,invests
Mauritania,,2020-08-04,71.1537341677958,70.13957690715031,0,re-hired
Mauritania,,2020-08-05,104.02696969525162,102.54426878217521,0,dabb
Mauritania,,2020-08-06,90.55992194364134,89.26916744654005,0,serious
Mauritania,,2020-08-07,179.28000579331163,176.72472009129794,0,fran
Mauritania,,2020-08-08,76.16025722829593,75.07474177722264,0,debits
Mauritius,,2020-08-04,0.9423022358313156,0.913571667613764,0,dualistic
Mauritius,,2020-08-05,4.103760885373572,3.9786382043669537,0,buttons
Mauritius,,2020-08-06,2.2038419424456515,2.136647332414533,0,transvestite
Mauritius,,2020-08-07,4.113868715204835,3.988437848901126,0,nonreciprocal
Mauritius,,2020-08-08,0.8478177634190973,0.821968004008864,0,rescheduled
Malawi,,2020-08-04,9.572163911587651,8.878904961091918,0,revolves
Malawi,,2020-08-05,2.0521515245280093,1.9035255267606415,0,sr
Malawi,,2020-08-06,3.271680824043322,3.034731056427287,0,mg/ml
Malawi,,2020-08-07,5.546437727674325,5.144739884470584,0,siena
Malawi,,2020-08-08,2.3549332802731473,2.1843784726613276,0,lecithin
Malaysia,,2020-08-04,2080.947773685626,2127.0814693626357,0,heifer
Malaysia,,2020-08-05,907.7335519871475,927.857605061779,0,trigger-happy
Malaysia,,2020-08-06,954.7787570748324,975.9457816271834,0,b'nai
Malaysia,,2020-08-07,1197.4897075095907,1224.037526941288,0,scaramucci
Malaysia,,2020-08-08,1432.4298249514586,1464.1861633173853,0,gandy
Namibia,,2020-08-04,55.88069558452032,57.18293222108967,0,leahy
Namibia,,2020-08-05,72.85831604229345,74.5561969909212,0,dr
Namibia,,2020-08-06,143.39644542625246,146.7381379881398,0,biopsied
Namibia,,2020-08-07,49.61862840088193,50.7749346186923,0,livid
Namibia,,2020-08-08,82.44022916215067,84.3614057978235,0,pirko
Niger,,2020-08-04,33.956455018209454,35.978822089333335,0,chinned
Niger,,2020-08-05,18.707592157566985,19.82177260835875,0,buffaloes
Niger,,2020-08-06,28.077038314901767,29.74924107317824,0,vacationers
Niger,,2020-08-07,35.29331706672814,37.395304515895305,0,lidocaine
Niger,,2020-08-08,21.307866376050836,22.57691307988739,0,immersion
Nigeria,,2020-08-04,167.0190465365331,158.56468062419123,0,orkut
Nigeria,,2020-08-05,193.2245687122624,183.4437009548202,0,arawak
Nigeria,,2020-08-06,154.6464128794485,146.81833944335702,0,airfields
Nigeria,,2020-08-07,233.2153223103455,221.4101557017268,0,armin
Nigeria,,2020-08-08,97.9771885590659,93.01766435917368,0,ball
Nicaragua,,2020-08-04,47.95210803110492,60.136231773666104,0,neutral-zone
Nicaragua,,2020-08-05,1.0285074561289187,1.289840328241503,0,resveratrol
Nicaragua,,2020-08-06,0.0,0.0,0,fifths
Nicaragua,,2020-08-07,0.0,0.0,0,zayn
Nicaragua,,2020-08-08,0.008741685961061733,0.010962855954236938,0,fairest
Netherlands,,2020-08-04,2943.4447923693133,3030.534848179571,1,prefaced
Netherlands,,2020-08-05,4052.1477183736138,4172.041854611344,1,camino
Netherlands,,2020-08-06,3702.984844548743,3812.548019510383,1,gnarly
Netherlands,,2020-08-07,5033.34731754013,5182.272991272276,1,liffey
Netherlands,,2020-08-08,3824.9757506730866,3938.148368166231,1,heywood
Norway,,2020-08-04,523.1282573577768,508.24691969335447,1,qualifies
Norway,,2020-08-05,570.2972968510583,554.074149804074,1,trollers
Norway,,2020-08-06,517.2108494988903,502.49784329660497,1,tagging
Norway,,2020-08-07,479.08614802389786,465.4576685089496,1,preventative
Norway,,2020-08-08,363.1076808929096,352.7784204641098,1,lumen
Nepal,,2020-08-04,0.0,0.0,0,billing
Nepal,,2020-08-05,0.0,0.0,0,karol
Nepal,,2020-08-06,0.0,0.0,0,chasers
Nepal,,2020-08-07,0.0,0.0,0,waterboarded
Nepal,,2020-08-08,0.0,0.0,0,themsleves
New Zealand,,2020-08-04,7.886607052440124,7.829999289576204,0,referendum
New Zealand,,2020-08-05,1.513753104162902,1.5028878263336403,0,thatll
New Zealand,,2020-08-06,7.764044344005313,7.7083163004793676,0,fln
New Zealand,,2020-08-07,4.054218581863942,4.0251185845451145,0,rot
New Zealand,,2020-08-08,1.2643241926033928,1.2552492426785242,0,guillem
Oman,,2020-08-04,205.66393489183167,202.66038437259533,0,j-m
Oman,,2020-08-05,16.075521034748945,15.84075143561476,0,sixty-four
Oman,,2020-08-06,19.938062592135193,19.646883789771664,0,generalisation
Oman,,2020-08-07,21.74547885195082,21.427904240091085,0,orangeburg
Oman,,2020-08-08,0.0,0.0,0,sowle
Pakistan,,2020-08-04,3219.4839506782723,3268.516104746207,0,ocean-view
Pakistan,,2020-08-05,3471.3335902494014,3524.2013684479684,0,ownership
Pakistan,,2020-08-06,3333.481405579443,3384.2497201183405,0,horrendously
Pakistan,,2020-08-07,3346.9361252942495,3397.9093527633254,0,ullman
Pakistan,,2020-08-08,3197.609793061236,3246.308807693529,0,hides
Panama,,2020-08-04,1568.431923062776,1515.300311803866,0,organs
Panama,,2020-08-05,1823.3690504641716,1761.601284744631,0,camas
Panama,,2020-08-06,1868.6770694044542,1805.3744662374932,0,solider
Panama,,2020-08-07,1455.8382760775658,1406.5208449522502,0,needler
Panama,,2020-08-08,1700.1165868802047,1642.5240753655507,0,pavements
Peru,,2020-08-04,1255.7355478259474,1153.3810636300375,0,cb
Peru,,2020-08-05,2497.9846767868835,2294.3749808087246,0,remember
Peru,,2020-08-06,334.5155524225261,307.24932834931604,0,argus
Peru,,2020-08-07,4597.457450845619,4222.720598959373,0,endgame
Peru,,2020-08-08,4516.500814902474,4148.362704868,0,sterns
Philippines,,2020-08-04,1054.668752696165,1024.307042307577,0,yorn
Philippines,,2020-08-05,1196.152561894263,1161.7178281715092,0,teuton
Philippines,,2020-08-06,1397.3647676523065,1357.1375548196356,0,enrages
Philippines,,2020-08-07,1597.2043624594103,1551.2241851189779,0,feuds
Philippines,,2020-08-08,1825.6873081646222,1773.1295840745597,0,corporate
Papua New Guinea,,2020-08-04,4.547401444290406,4.855427118774838,0,personaly
Papua New Guinea,,2020-08-05,19.57270901314127,20.898498470949107,0,freeland
Papua New Guinea,,2020-08-06,6.635022369219533,7.084456461532677,0,fortification
Papua New Guinea,,2020-08-07,7.870699506872695,8.40383421115809,0,africana
Papua New Guinea,,2020-08-08,10.191381247081528,10.881711124709064,0,bores
Poland,,2020-08-04,27088.798825457947,28285.05734134248,0,challengers
Poland,,2020-08-05,10307.128462186112,10762.297784260973,0,passionless
Poland,,2020-08-06,12324.598036087751,12868.860092538476,0,waldorf
Poland,,2020-08-07,13793.064527006458,14402.17499391537,0,dishonorable
Poland,,2020-08-08,12389.480866057826,12936.608189380902,0,nines
Puerto Rico,,2020-08-04,234.6739326629121,264.82885868564244,0,detailer
Puerto Rico,,2020-08-05,69.61013643241377,78.55483894254196,0,hide-and-seek
Puerto Rico,,2020-08-06,382.0295113144227,431.1192057745815,0,histrionic
Puerto Rico,,2020-08-07,1223.7488981581616,1380.9971151868658,0,meatball
Puerto Rico,,2020-08-08,731.2479430281315,825.2112025008439,0,gleizes
Portugal,,2020-08-04,3538.7128322622107,3472.8071824915437,0,worked
Portugal,,2020-08-05,4827.675645554912,4737.764111224808,0,revolver
Portugal,,2020-08-06,5767.127007405113,5659.718955169911,0,burbidge
Portugal,,2020-08-07,4754.451658017916,4665.903860929622,0,shushes
Portugal,,2020-08-08,4174.516978268676,4096.769993143693,0,ronis
Paraguay,,2020-08-04,852.7829905435643,865.7707201360777,0,voyeur
Paraguay,,2020-08-05,1023.555758728851,1039.144326470753,0,lower
Paraguay,,2020-08-06,671.4261337766814,681.6518314788364,0,unpleasant
Paraguay,,2020-08-07,944.229639955637,958.610085359647,0,aerodynamic
Paraguay,,2020-08-08,717.0979634103276,728.0192347576594,0,fan
Palestine,,2020-08-04,0.0,0.0,0,world
Palestine,,2020-08-05,0.0,0.0,0,coercing
Palestine,,2020-08-06,0.0,0.0,0,unforgivable
Palestine,,2020-08-07,0.0,0.0,0,unceasingly
Palestine,,2020-08-08,0.0,0.0,0,cartwheels
Qatar,,2020-08-04,227.53132153806743,219.40213034158825,0,varnum
Qatar,,2020-08-05,202.28508679087824,195.05788775909872,0,desecration
Qatar,,2020-08-06,203.87971401299947,196.59554247524537,0,stickman
Qatar,,2020-08-07,168.74455595676633,162.7156859556398,0,drawbridge
Qatar,,2020-08-08,210.69550037991633,203.16781586049234,0,alim
Kosovo,,2020-08-04,574.44705829787,569.506334567645,0,nairne
Kosovo,,2020-08-05,676.739778890926,670.9192524621532,0,appreciates
Kosovo,,2020-08-06,772.1249691657874,765.4840505593622,0,empiricism
Kosovo,,2020-08-07,768.0634407093276,761.4574546345185,0,government-owned
Kosovo,,2020-08-08,636.2198738721145,630.7478524158732,0,rococo
Romania,,2020-08-04,7317.417066562111,7055.981928769396,0,xenith
Romania,,2020-08-05,9400.6229069955,9064.759429121828,0,annabella
Romania,,2020-08-06,8619.814563512497,8311.847641897859,0,feeley
Romania,,2020-08-07,8099.052163846702,7809.6909317090285,0,hayhurst
Romania,,2020-08-08,7731.362732547468,7455.1382310706595,0,southland
Russia,,2020-08-04,26270.332539229275,25152.02737397237,1,revs
Russia,,2020-08-05,25303.228462335683,24226.09207493555,1,wonderment
Russia,,2020-08-06,26838.841570001943,25696.33547068153,1,hpi
Russia,,2020-08-07,28700.976497729516,27479.20093712713,1,not-so-secretly
Russia,,2020-08-08,27905.550152828942,26717.635198625634,1,no-strings-attached
Rwanda,,2020-08-04,27.27710158155146,25.170755614144596,0,foamed
Rwanda,,2020-08-05,26.79669713501723,24.727448143095696,0,kouros
Rwanda,,2020-08-06,71.65032869535273,66.11746881800764,0,tautness
Rwanda,,2020-08-07,18.971853109681586,17.50684092089242,0,torres
Rwanda,,2020-08-08,20.569979792828075,18.9815597821196,0,streaming
Saudi Arabia,,2020-08-04,215.23788577965612,238.8997338042738,0,alves
Saudi Arabia,,2020-08-05,270.43699620502076,300.1670740733202,0,alamo
Saudi Arabia,,2020-08-06,255.54505124706034,283.638005905801,0,clears
Saudi Arabia,,2020-08-07,231.91520948965584,257.41045360833914,0,conning
Saudi Arabia,,2020-08-08,158.68533389059732,176.13016355268985,0,elaborately
Sudan,,2020-08-04,459.90988269049325,453.92087338312,0,leaching
Sudan,,2020-08-05,272.569080191573,269.0196484015454,0,embark
Sudan,,2020-08-06,281.2097881299321,277.5478358609742,0,ims
Sudan,,2020-08-07,64.81231606019381,63.968321228323376,0,linde
Sudan,,2020-08-08,613.7386862997895,605.7464973017155,0,cowboys
Senegal,,2020-08-04,0.0,0.0,0,londoo
Senegal,,2020-08-05,0.0,0.0,0,spina
Senegal,,2020-08-06,0.0,0.0,0,iraqi
Senegal,,2020-08-07,0.0,0.0,0,hittin
Senegal,,2020-08-08,0.0,0.0,0,allowed
Singapore,,2020-08-04,18.22530196679662,16.31455688906904,0,shimano
Singapore,,2020-08-05,6.749275511796373,6.041679830479992,0,sprecher
Singapore,,2020-08-06,5.6185551129548434,5.0295044324460605,0,meteorological
Singapore,,2020-08-07,5.047078565158543,4.517941624500429,0,joppa
Singapore,,2020-08-08,7.629950505610151,6.830024644383823,0,centralia
Solomon Islands,,2020-08-04,0.0,0.0,0,squished
Solomon Islands,,2020-08-05,0.0,0.0,0,somesuch
Solomon Islands,,2020-08-06,0.0,0.0,0,argyle
Solomon Islands,,2020-08-07,0.0,0.0,0,kwok
Solomon Islands,,2020-08-08,0.0,0.0,0,hoehn
Sierra Leone,,2020-08-04,0.0,0.0,0,privatizers
Sierra Leone,,2020-08-05,1.818831124959845,1.9912191507510753,0,homogenized
Sierra Leone,,2020-08-06,0.9562171345474132,1.0468469801610432,0,bases
Sierra Leone,,2020-08-07,1.0176871533475473,1.114143100703602,0,included
Sierra Leone,,2020-08-08,0.144118579037315,0.15777807550135786,0,conscientious
El Salvador,,2020-08-04,330.9897170796681,320.1126168731864,0,illegals
El Salvador,,2020-08-05,0.0,0.0,0,barbershops
El Salvador,,2020-08-06,0.0,0.0,0,petticrew
El Salvador,,2020-08-07,509.7978206544788,493.0446658156231,0,invariably
El Salvador,,2020-08-08,0.0,0.0,0,englander
San Marino,,2020-08-04,0.0,0.0,0,toq
San Marino,,2020-08-05,0.0,0.0,0,downloading
San Marino,,2020-08-06,0.0,0.0,0,potsdamer
San Marino,,2020-08-07,0.0,0.0,0,boone
San Marino,,2020-08-08,0.0,0.0,0,melancholia
Somalia,,2020-08-04,0.0,0.0,0,fibrinolysis
Somalia,,2020-08-05,0.0,0.0,0,felon
Somalia,,2020-08-06,0.0,0.0,0,thieriot
Somalia,,2020-08-07,0.0,0.0,0,bemoan
Somalia,,2020-08-08,0.0,0.0,0,fascinates
Serbia,,2020-08-04,8867.426126413493,8470.891416418393,0,injecting
Serbia,,2020-08-05,9497.954017197171,9073.223279318516,0,spa
Serbia,,2020-08-06,9375.02706816648,8955.793393515594,0,lea
Serbia,,2020-08-07,9418.700154228109,8997.513500858353,0,gentamicin
Serbia,,2020-08-08,8539.382644926918,8157.517425823837,0,meanwhile
South Sudan,,2020-08-04,2.2330178925982103,2.4914965586919813,0,zoro
South Sudan,,2020-08-05,23.290575719742968,25.98653125352979,0,kiai
South Sudan,,2020-08-06,16.01078297619926,17.86408018466434,0,thunderheads
South Sudan,,2020-08-07,10.087681405690706,11.255361450872964,0,hamiltons
South Sudan,,2020-08-08,0.7201934417346191,0.803558040274601,0,disinfected
Suriname,,2020-08-04,0.0,0.0,0,winkler
Suriname,,2020-08-05,0.0,0.0,0,westfall
Suriname,,2020-08-06,0.0,0.0,0,utility
Suriname,,2020-08-07,0.0,0.0,0,fingerprinted
Suriname,,2020-08-08,0.0,0.0,0,manually
Slovak Republic,,2020-08-04,811.957688197895,891.3839858209591,0,sudanese
Slovak Republic,,2020-08-05,1492.7208167227043,1638.7398637500223,0,piehole
Slovak Republic,,2020-08-06,1576.6523745342854,1730.8816682131323,0,duties
Slovak Republic,,2020-08-07,1497.0047121487967,1643.442812974169,0,allegheny
Slovak Republic,,2020-08-08,1223.5231938576521,1343.2091316307724,0,arlington
Slovenia,,2020-08-04,1154.7304136160822,1208.4607919075406,0,cumulative
Slovenia,,2020-08-05,2052.0982555765795,2147.583759606986,0,cymbal
Slovenia,,2020-08-06,1604.3001813048727,1678.9493415055024,0,renken
Slovenia,,2020-08-07,1434.6081972570764,1501.3614759702132,0,barnstorming
Slovenia,,2020-08-08,1398.2161458003097,1463.2760780245019,0,moguls
Sweden,,2020-08-04,16467.16872226384,17328.449682061764,0,wavers
Sweden,,2020-08-05,4573.129332275833,4812.317336419941,0,four-stage
Sweden,,2020-08-06,5243.296415726173,5517.536113248433,0,high-fidelity
Sweden,,2020-08-07,6230.531396199191,6556.406363018126,0,paraphrasing
Sweden,,2020-08-08,0.0,0.0,0,age-groups
Eswatini,,2020-08-04,26.22448270673946,27.015489206683974,0,kidnap
Eswatini,,2020-08-05,34.2363396700745,35.26900702584955,0,purgatory
Eswatini,,2020-08-06,61.99520809176774,63.86516347332417,0,gath
Eswatini,,2020-08-07,34.31954643900242,35.35472355238823,0,new-product
Eswatini,,2020-08-08,45.839616106685305,47.222271951638575,0,koerner
Seychelles,,2020-08-04,3.212917222147014,3.907932886264284,0,sorting
Seychelles,,2020-08-05,3.7237777806951224,4.529302389121069,0,singer
Seychelles,,2020-08-06,3.879245054572918,4.718400218388795,0,chewed
Seychelles,,2020-08-07,9.337126131452955,11.356925731164381,0,imposter
Seychelles,,2020-08-08,3.856944978409879,4.691276207722407,0,tropicana
Syria,,2020-08-04,91.03601172852582,84.4710994890971,0,cavern
Syria,,2020-08-05,107.77102276632885,99.99929273355625,0,magnum
Syria,,2020-08-06,97.77683245930781,90.72581702094645,0,shotgunned
Syria,,2020-08-07,107.28138790246825,99.5449670824959,0,rhizosphere
Syria,,2020-08-08,92.73131443180868,86.04414822655919,0,quondam
Chad,,2020-08-04,0.6858173815539564,0.6348701855788832,0,close-in
Chad,,2020-08-05,7.844682617398096,7.261926050678756,0,ching
Chad,,2020-08-06,7.966522516697305,7.374714850670574,0,bamiyan
Chad,,2020-08-07,3.8994131511959225,3.6097381278659304,0,kohoutek
Chad,,2020-08-08,1.4588330730663577,1.3504609955024667,0,marshalled
Togo,,2020-08-04,0.0,0.0,0,beretta
Togo,,2020-08-05,0.0,0.0,0,bhagwat
Togo,,2020-08-06,0.0,0.0,0,buttercream
Togo,,2020-08-07,0.0,0.0,0,marvin
Togo,,2020-08-08,0.0,0.0,0,ownership
Thailand,,2020-08-04,8.026125027259969,8.355335089064516,0,jettisoned
Thailand,,2020-08-05,19.458320371539855,20.256448338693417,0,no-excuses
Thailand,,2020-08-06,21.65100960377064,22.53907578584225,0,garnet
Thailand,,2020-08-07,8.76479468559758,9.124302990084436,0,internalized
Thailand,,2020-08-08,15.220735365162264,15.845048992629685,0,spokes
Tajikistan,,2020-08-04,0.0,0.0,0,alternation
Tajikistan,,2020-08-05,0.0,0.0,0,sled
Tajikistan,,2020-08-06,0.0,0.0,0,huston
Tajikistan,,2020-08-07,0.0,0.0,0,ofshe
Tajikistan,,2020-08-08,0.0,0.0,0,alma
Turkmenistan,,2020-08-04,0.0,0.0,0,lehrman
Turkmenistan,,2020-08-05,0.0,0.0,0,dos
Turkmenistan,,2020-08-06,0.0,0.0,0,wren
Turkmenistan,,2020-08-07,0.0,0.0,0,washroom
Turkmenistan,,2020-08-08,0.0,0.0,0,deeps
Timor-Leste,,2020-08-04,0.0,0.0,0,garcons
Timor-Leste,,2020-08-05,0.0,0.0,0,airpark
Timor-Leste,,2020-08-06,0.0,0.0,0,armour
Timor-Leste,,2020-08-07,0.0,0.0,0,organa
Timor-Leste,,2020-08-08,0.0,0.0,0,withholding
Trinidad and Tobago,,2020-08-04,4.995095761768627,4.59940063248845,0,regressed
Trinidad and Tobago,,2020-08-05,6.917850603991839,6.369841132373967,0,offstage
Trinidad and Tobago,,2020-08-06,67.49304550790353,62.146467455853,0,character(s
Trinidad and Tobago,,2020-08-07,14.801681760876516,13.629141001445653,0,off-duty
Trinidad and Tobago,,2020-08-08,47.59135697165598,43.821325515271916,0,harmed
Tunisia,,2020-08-04,978.2414664343829,930.9601154501328,0,harrier
Tunisia,,2020-08-05,1081.8623772837147,1029.5727161600134,0,parable
Tunisia,,2020-08-06,1166.5243574852686,1110.1427283370244,0,griego
Tunisia,,2020-08-07,1315.7544110813158,1252.1600448087795,0,nadph
Tunisia,,2020-08-08,1246.706233543044,1186.4491732721735,0,eucharist
Turkey,,2020-08-04,56000.028311831644,49111.90617658439,0,boutiques
Turkey,,2020-08-05,57648.021076853714,50557.19233974073,0,navigating
Turkey,,2020-08-06,85581.52370988466,75054.81496338753,0,restoration
Turkey,,2020-08-07,90560.1521135757,79421.06152470388,0,az-zahir
Turkey,,2020-08-08,75995.8864701053,66648.2314141547,0,bipolar
Taiwan,,2020-08-04,10.487668769463918,10.62400094284292,1,mid-teens
Taiwan,,2020-08-05,14.213610489506557,14.398377233402883,1,subcortical
Taiwan,,2020-08-06,8.745578290889078,8.859264537285863,1,desperate
Taiwan,,2020-08-07,18.473293929603972,18.71343350363638,1,self-imposed
Taiwan,,2020-08-08,14.222918194959329,14.407805932352058,1,headlong
Tanzania,,2020-08-04,0.0,0.0,0,prosperously
Tanzania,,2020-08-05,0.0,0.0,0,orgy
Tanzania,,2020-08-06,0.0,0.0,0,evola
Tanzania,,2020-08-07,0.0,0.0,0,montages
Tanzania,,2020-08-08,0.0,0.0,0,bray
Uganda,,2020-08-04,317.0921357480349,305.86975014561233,0,amad
Uganda,,2020-08-05,538.3060479015392,519.2545566767062,0,reinforcement
Uganda,,2020-08-06,243.74317929858114,235.11672774816282,0,crepes
Uganda,,2020-08-07,476.3470658759872,459.4883997307924,0,bering
Uganda,,2020-08-08,355.99613241524895,343.39687364930603,0,fireproof
Ukraine,,2020-08-04,15505.062086433834,13848.140520519404,0,herdsman
Ukraine,,2020-08-05,17202.66695165035,15364.333786356416,0,tuten
Ukraine,,2020-08-06,18579.062357806393,16593.6430848289,0,state-wide
Ukraine,,2020-08-07,19216.12627386174,17162.628270499696,0,rdx
Ukraine,,2020-08-08,19064.5044483474,17027.209248376763,0,convict
Uruguay,,2020-08-04,172.71799127281568,190.93939502153972,0,precrime
Uruguay,,2020-08-05,187.4165022637991,207.18856961912286,0,counterpunching
Uruguay,,2020-08-06,195.24388031613725,215.84172045132314,0,jingle
Uruguay,,2020-08-07,231.26938898560718,255.6678484649742,0,climbs
Uruguay,,2020-08-08,234.32465886866544,259.0454432297096,0,regrettably
United States,,2020-08-04,159923.43625668497,158157.59343476966,0,ptc
United States,,2020-08-05,170857.76784492045,169509.78928957848,0,skeet
United States,,2020-08-06,105553.61401443601,102203.68268643008,0,automatons
United States,,2020-08-07,191688.21328212344,194381.91950914677,0,grated
United States,,2020-08-08,143303.6532274759,145007.7686375656,0,gratification
United States,Alaska,2020-08-04,585.4570147077058,621.7542440659271,0,licorice
United States,Alaska,2020-08-05,633.0060186448405,672.2511964575232,0,wapping
United States,Alaska,2020-08-06,469.5907577151781,498.70449793707724,0,one-and-done
United States,Alaska,2020-08-07,547.2950604338391,581.2263206905918,0,tuba
United States,Alaska,2020-08-08,535.5411999062153,568.7437430057763,0,hippodrome
United States,Alabama,2020-08-04,2523.659728708172,2446.713951401837,0,lafite
United States,Alabama,2020-08-05,2113.8486580023605,2049.3979215390877,0,disappeared
United States,Alabama,2020-08-06,2343.5350824977513,2272.081262271456,0,metamorphic
United States,Alabama,2020-08-07,700.0068982364107,678.6638565054367,0,swooning
United States,Alabama,2020-08-08,2025.626281578197,1963.8654241237891,0,wind-whipped
United States,Arkansas,2020-08-04,1748.3798669855278,1753.1327852796996,0,winterfest
United States,Arkansas,2020-08-05,1583.9574589849808,1588.2633998884182,0,detonated
United States,Arkansas,2020-08-06,2012.88259158143,2018.3545526090084,0,reluctant
United States,Arkansas,2020-08-07,795.8009730353651,797.9643341416565,0,creeks
United States,Arkansas,2020-08-08,1152.989873008395,1156.1242414393614,0,gillman
United States,Arizona,2020-08-04,5301.790121442002,4560.031267332053,0,strangler
United States,Arizona,2020-08-05,4541.421696517808,3906.043894590996,0,mahoney
United States,Arizona,2020-08-06,4015.7872704188403,3453.949533385782,0,santana
United States,Arizona,2020-08-07,5048.674752196871,4342.3285722872015,0,steelhead
United States,Arizona,2020-08-08,4874.5839612537075,4192.594344437482,0,corpuscles
United States,California,2020-08-04,18382.60256899158,18201.666536568177,1,amulets
United States,California,2020-08-05,17417.706662672234,17246.26789465063,1,liverpool
United States,California,2020-08-06,12592.061804540383,12468.120828588095,1,learners
United States,California,2020-08-07,15859.417027594454,15703.316171757991,1,mm-mm
United States,California,2020-08-08,17197.30470499926,17028.035306391484,1,gloved
United States,Colorado,2020-08-04,3243.9118596305075,3380.148332556393,0,geneen
United States,Colorado,2020-08-05,3333.1399492641817,3473.123786712786,0,sectarian
United States,Colorado,2020-08-06,5163.236115492352,5380.079577243606,0,rosenblatt
United States,Colorado,2020-08-07,3530.494264728287,3678.76650735526,0,hedges
United States,Colorado,2020-08-08,3654.927079645478,3808.4252003339125,0,resignations
United States,Connecticut,2020-08-04,622.9734086973631,561.7506085469315,0,need-to-know
United States,Connecticut,2020-08-05,2184.2668912424683,1969.6077525203757,0,bismarck
United States,Connecticut,2020-08-06,137.3456099322308,123.84795062442397,0,boiler
United States,Connecticut,2020-08-07,3901.7259189336864,3518.2832505281076,0,bisphosphonate
United States,Connecticut,2020-08-08,0.0,0.0,0,stethoscopes
United States,Washington DC,2020-08-04,0.0,0.0,0,stove
United States,Washington DC,2020-08-05,0.0,0.0,0,skydive
United States,Washington DC,2020-08-06,0.0,0.0,0,idealism
United States,Washington DC,2020-08-07,0.0,0.0,0,muckraking
United States,Washington DC,2020-08-08,0.0,0.0,0,gimmicks
United States,Delaware,2020-08-04,596.0190192943021,496.42579775104144,0,emerged
United States,Delaware,2020-08-05,444.8540725375165,370.5201188104896,0,headstrong
United States,Delaware,2020-08-06,733.1243050519433,610.6211483267814,0,inappropriate
United States,Delaware,2020-08-07,732.93935807214,610.4671055042902,0,eustacia
United States,Delaware,2020-08-08,623.7160911510724,519.4947612350337,0,preoccupies
United States,Florida,2020-08-04,8664.322738516314,9014.621557015518,0,okie
United States,Florida,2020-08-05,8658.213536366078,9008.265359645946,0,nikkei
United States,Florida,2020-08-06,460.33265615036856,478.94391873056276,0,ming-na
United States,Florida,2020-08-07,16828.074772019936,17508.43432096078,0,whittier
United States,Florida,2020-08-08,5673.365790321411,5902.7401330416715,0,jicama
United States,Georgia,2020-08-04,2673.565737817484,2922.9166278156454,0,pask
United States,Georgia,2020-08-05,2358.0106750916284,2577.931229930591,0,portraits
United States,Georgia,2020-08-06,2936.080418109171,3209.914816495553,0,episodes
United States,Georgia,2020-08-07,2459.347059880344,2688.718782266393,0,non-linear
United States,Georgia,2020-08-08,2552.599263419112,2790.6681798250333,0,belies
United States,Hawaii,2020-08-04,38.60396080363245,41.36254384020778,0,diaconis
United States,Hawaii,2020-08-05,85.14041961017438,91.22443048300256,0,kuper
United States,Hawaii,2020-08-06,96.58131589208503,103.48287661600328,0,stationing
United States,Hawaii,2020-08-07,108.44412724281551,116.19338725657293,0,kwong
United States,Hawaii,2020-08-08,67.31703102734242,72.12740840828641,0,overexposure
United States,Iowa,2020-08-04,1833.26418775812,1897.037857947676,0,stomach-turning
United States,Iowa,2020-08-05,2480.9094407269467,2567.2127141447063,0,doest
United States,Iowa,2020-08-06,1227.8385486909017,1270.5513072628091,0,breathingshakily
United States,Iowa,2020-08-07,1058.3982013729594,1095.2166470036032,0,applaud
United States,Iowa,2020-08-08,1508.8268824318586,1561.31436820499,0,inoculations
United States,Idaho,2020-08-04,1613.0675803738065,1474.2451124504923,0,kashmiris
United States,Idaho,2020-08-05,1775.530560988943,1622.7263404164657,0,snowmen
United States,Idaho,2020-08-06,0.0,0.0,0,majerus
United States,Idaho,2020-08-07,2061.0863723882026,1883.7068873007051,0,begrudgingly
United States,Idaho,2020-08-08,1118.2802628705178,1022.0397656895861,0,unattended
United States,Illinois,2020-08-04,6638.184767956867,7066.015169344579,0,vigour
United States,Illinois,2020-08-05,8456.672375156175,9001.70413656962,0,obviating
United States,Illinois,2020-08-06,9145.704936080734,9735.144783049816,0,plaintiff
United States,Illinois,2020-08-07,5171.527908944783,5504.832409860714,0,clergymen
United States,Illinois,2020-08-08,5708.598686484696,6076.517349910483,0,pounds
United States,Indiana,2020-08-04,4750.226825538253,4460.029979676992,0,crannies
United States,Indiana,2020-08-05,4944.869928729848,4642.782110776228,0,alderman
United States,Indiana,2020-08-06,5413.110517314253,5082.417340732098,0,const
United States,Indiana,2020-08-07,4830.477542412791,4535.378087524548,0,coterminous
United States,Indiana,2020-08-08,3792.3973770018947,3560.715438964385,0,ireport
United States,Kansas,2020-08-04,12.37580788576548,12.484113185500632,0,changer
United States,Kansas,2020-08-05,4715.644754724255,4756.913116621852,0,needlelike
United States,Kansas,2020-08-06,0.0,0.0,0,gries
United States,Kansas,2020-08-07,4363.313963344081,4401.498947387191,0,architected
United States,Kansas,2020-08-08,0.0,0.0,0,stimulators
United States,Kentucky,2020-08-04,2491.6889924836664,2392.2434559425683,0,principato
United States,Kentucky,2020-08-05,3448.8321510570886,3311.186174879221,0,cornish
United States,Kentucky,2020-08-06,70.76969787769765,67.94521593090221,0,buzzes
United States,Kentucky,2020-08-07,5955.029130173543,5717.358590730464,0,lil
United States,Kentucky,2020-08-08,2557.074580225887,2455.0194463896632,0,beatitudes
United States,Louisiana,2020-08-04,2856.067433282507,2649.6624634071622,0,flooded
United States,Louisiana,2020-08-05,718.7416625808372,666.7989635099506,0,ischial
United States,Louisiana,2020-08-06,0.0,0.0,0,intent
United States,Louisiana,2020-08-07,4980.01991473339,4620.119147510332,0,sparking
United States,Louisiana,2020-08-08,0.0,0.0,0,jerks
United States,Massachusetts,2020-08-04,2454.06081452715,2601.2152276699076,0,recipes
United States,Massachusetts,2020-08-05,3262.508140483541,3458.1399960367335,0,jaron
United States,Massachusetts,2020-08-06,60.19141109322633,63.800707050044274,0,tesco
United States,Massachusetts,2020-08-07,4393.069543155162,4656.493972856136,0,dateline
United States,Massachusetts,2020-08-08,2912.0940825973,3086.713836600288,0,edit
United States,Maryland,2020-08-04,1705.7654484948985,1525.945047470348,0,naive
United States,Maryland,2020-08-05,2879.977574636363,2576.3726898793298,0,four-year
United States,Maryland,2020-08-06,2452.429477194917,2193.8963638276973,0,trumpeting
United States,Maryland,2020-08-07,2542.587435425329,2274.549943704771,0,gaudio
United States,Maryland,2020-08-08,1704.1226587405783,1524.4754392707848,0,curbside
United States,Maine,2020-08-04,208.089564065441,209.5286318524394,0,wagon
United States,Maine,2020-08-05,187.47755915007602,188.77408219951212,0,unilateral
United States,Maine,2020-08-06,211.55384737551213,213.0168728200651,0,capitalized
United States,Maine,2020-08-07,0.0,0.0,0,bagged
United States,Maine,2020-08-08,24.093819840971126,24.260443478031462,0,chides
United States,Michigan,2020-08-04,6239.751299512666,7225.765870241272,0,aloise
United States,Michigan,2020-08-05,4624.751758908847,5355.561754596178,0,vacationers
United States,Michigan,2020-08-06,562.2880916045932,651.1416732068938,0,vitally
United States,Michigan,2020-08-07,15246.54011929937,17655.820551998917,0,jamaicans
United States,Michigan,2020-08-08,6758.024841702987,7825.937750953945,0,tremont
United States,Minnesota,2020-08-04,5335.633278446026,5873.885353039298,0,high-capacity
United States,Minnesota,2020-08-05,5567.48902036142,6129.130414943465,0,automattic
United States,Minnesota,2020-08-06,0.0,0.0,0,roosted
United States,Minnesota,2020-08-07,5099.26515401847,5613.672705065717,0,big-city
United States,Minnesota,2020-08-08,7848.437985255661,8640.17868545439,0,rushkoff
United States,Missouri,2020-08-04,2668.947020614206,2875.816710029477,0,casita
United States,Missouri,2020-08-05,3086.426198715415,3325.654637571604,0,manaea
United States,Missouri,2020-08-06,3297.9360414650823,3553.558576996831,0,sabmiller
United States,Missouri,2020-08-07,2218.421667444612,2390.3712032697035,0,coalescing
United States,Missouri,2020-08-08,1660.1294165094396,1788.805802413656,0,sterile
United States,Mississippi,2020-08-04,695.0699900020508,648.4259612810304,0,spongebob
United States,Mississippi,2020-08-05,1352.1687914387119,1261.4288647396056,0,gitty
United States,Mississippi,2020-08-06,2042.0222124996044,1904.9883251230078,0,controlled
United States,Mississippi,2020-08-07,1241.151897883273,1157.8619765735564,0,fifty-year-old
United States,Mississippi,2020-08-08,1760.044082482245,1641.9328880494058,0,faceup
United States,Montana,2020-08-04,815.213196922017,866.0873589244586,0,hajek
United States,Montana,2020-08-05,758.5575472127884,805.8960590165537,0,canada
United States,Montana,2020-08-06,837.4501598868261,889.7120409063118,0,erica
United States,Montana,2020-08-07,0.0,0.0,0,foes
United States,Montana,2020-08-08,832.6806410237482,884.644875640759,0,admissions
United States,North Carolina,2020-08-04,3614.8309124584935,3469.957647602026,0,spurned
United States,North Carolina,2020-08-05,4787.079265067707,4595.22525611065,0,buzzes
United States,North Carolina,2020-08-06,400.0716491658306,384.03779104223,0,cross-platform
United States,North Carolina,2020-08-07,8588.730011699563,8244.515472237359,0,annihilation
United States,North Carolina,2020-08-08,3574.594134806451,3431.333458059061,0,esthetic
United States,North Dakota,2020-08-04,511.02661557605296,556.4884558301396,0,bath
United States,North Dakota,2020-08-05,579.6015719210494,631.1639627448417,0,backstabbing
United States,North Dakota,2020-08-06,512.0160081786229,557.5658665653775,0,extremities
United States,North Dakota,2020-08-07,408.8105799097935,445.1790991053923,0,inkblots
United States,North Dakota,2020-08-08,376.14738117538855,409.6101238853984,0,donahoo
United States,Nebraska,2020-08-04,7.199448940689766,7.5630551445435845,0,phasma
United States,Nebraska,2020-08-05,1664.5618020780953,1748.6300415947296,0,robbie
United States,Nebraska,2020-08-06,4834.467152776429,5078.630596889779,0,liquid-fueled
United States,Nebraska,2020-08-07,608.7240851593778,639.4675289455051,0,acknowledgment
United States,Nebraska,2020-08-08,629.9698019109627,661.7862548231826,0,cappadocia
United States,New Hampshire,2020-08-04,412.8497344647534,404.0141589363203,0,obeah
United States,New Hampshire,2020-08-05,493.6785101104896,483.11308303446,0,disband
United States,New Hampshire,2020-08-06,104.82071403885426,102.57740065260415,0,anniversaries
United States,New Hampshire,2020-08-07,605.3056297636869,592.3512224743214,0,mailed
United States,New Hampshire,2020-08-08,824.0910329208401,806.454304697879,0,balog
United States,New Jersey,2020-08-04,3885.4027220073635,3984.0528098035843,1,pastry
United States,New Jersey,2020-08-05,3655.6695909362224,3748.486771522722,1,clergyman
United States,New Jersey,2020-08-06,4056.2035343386915,4159.190242129724,1,co-developed
United States,New Jersey,2020-08-07,3755.8324829736985,3851.1927919822406,1,laddies
United States,New Jersey,2020-08-08,2817.2928879804826,2888.823746074738,1,souther
United States,New Mexico,2020-08-04,1817.2908648936896,1885.445691798422,0,harpo
United States,New Mexico,2020-08-05,1624.048921752242,1684.9564931735713,0,hadid
United States,New Mexico,2020-08-06,1545.8042848416762,1603.777405984362,0,piranhas
United States,New Mexico,2020-08-07,1929.6712810662739,2002.0407705545726,0,brown-bag
United States,New Mexico,2020-08-08,2011.9102593846421,2087.364001064149,0,o'rourke
United States,Nevada,2020-08-04,3053.3301271347987,2866.7986614153106,0,flammable
United States,Nevada,2020-08-05,3022.2850575569655,2837.6501710118855,0,benedick
United States,Nevada,2020-08-06,2354.6119379182246,2210.765973776562,0,winches
United States,Nevada,2020-08-07,1365.5143983934659,1282.093545885645,0,unendurable
United States,Nevada,2020-08-08,2943.4508046505516,2763.6319937118565,0,gunmen
United States,New York,2020-08-04,5218.087284856314,5432.1191908775345,0,sonnenfeldt
United States,New York,2020-08-05,6670.781419108286,6944.398931396029,0,primiparous
United States,New York,2020-08-06,6985.552474693816,7272.081049083337,0,emotion-based
United States,New York,2020-08-07,8255.187268038275,8593.792846880944,0,stopping
United States,New York,2020-08-08,6011.235981507455,6257.800713837495,0,manwaring
United States,Ohio,2020-08-04,7646.4624037467,8247.16922060713,1,can-do
United States,Ohio,2020-08-05,9748.681037539402,10514.538351083307,1,crane
United States,Ohio,2020-08-06,0.0,0.0,1,helling
United States,Ohio,2020-08-07,15683.616253725513,16915.722644782847,1,outsourcer
United States,Ohio,2020-08-08,6214.02980270874,6702.20457759967,1,homeostatic
United States,Oklahoma,2020-08-04,2646.014648057214,2643.6256035992415,0,routledge
United States,Oklahoma,2020-08-05,3550.589166045723,3547.383395671055,0,mbc
United States,Oklahoma,2020-08-06,0.0,0.0,0,manipulating
United States,Oklahoma,2020-08-07,3150.300273148261,3147.455917235855,0,sabia
United States,Oklahoma,2020-08-08,6127.619935180668,6122.0874047929565,0,allegra
United States,Oregon,2020-08-04,1096.5976248066509,1099.5786926001592,0,folger
United States,Oregon,2020-08-05,1360.7204623798232,1364.4195401952466,0,seaton
United States,Oregon,2020-08-06,234.19770308394442,234.83436252418375,0,dugmore
United States,Oregon,2020-08-07,2555.4447237718396,2562.39162370286,0,mustachioed
United States,Oregon,2020-08-08,1822.764252085817,1827.7193821026353,0,fouls
United States,Pennsylvania,2020-08-04,6031.052094860028,6797.706011977483,0,donnas
United States,Pennsylvania,2020-08-05,6408.327924693973,7222.940305480221,0,graduations
United States,Pennsylvania,2020-08-06,6560.379265025559,7394.320073726982,0,pastry
United States,Pennsylvania,2020-08-07,7693.08284698255,8671.010413613056,0,deadlift
United States,Pennsylvania,2020-08-08,5913.496849211871,6665.207405181664,0,enchanting
United States,Rhode Island,2020-08-04,711.9401450751325,790.2061968641632,0,a-c
United States,Rhode Island,2020-08-05,790.1308693453045,876.9926989079082,0,flamer
United States,Rhode Island,2020-08-06,0.6653570574674372,0.7385020687133588,0,fungibility
United States,Rhode Island,2020-08-07,1473.1631541526162,1635.1130940656587,0,unin
United States,Rhode Island,2020-08-08,0.0,0.0,0,gilda
United States,South Carolina,2020-08-04,1328.9057100141372,1500.5844734067427,0,licensing
United States,South Carolina,2020-08-05,1371.731546546573,1548.9428970909519,0,distended
United States,South Carolina,2020-08-06,0.0,0.0,0,hansbrough
United States,South Carolina,2020-08-07,1927.8483584333972,2176.903366392381,0,hospitalizations
United States,South Carolina,2020-08-08,1544.5677575004845,1744.1074844995896,0,spambot
United States,South Dakota,2020-08-04,816.5269803093572,769.7795317826302,0,colloidal
United States,South Dakota,2020-08-05,1095.5980676881632,1032.8733623075404,0,spot-on
United States,South Dakota,2020-08-06,0.0,0.0,0,catholics
United States,South Dakota,2020-08-07,1959.7478820247306,1847.5492462789725,0,selector
United States,South Dakota,2020-08-08,530.3484742629705,499.9851934410149,0,donuts
United States,Tennessee,2020-08-04,2196.1772135467963,1963.0709938617026,0,interquest
United States,Tennessee,2020-08-05,2592.868793342315,2317.6570122404805,0,intuitive
United States,Tennessee,2020-08-06,4831.076001081295,4318.296860729175,0,bmp
United States,Tennessee,2020-08-07,3946.665068080824,3527.7589029914598,0,innards
United States,Tennessee,2020-08-08,6123.8884556731855,5473.887864250172,0,smelly
United States,Texas,2020-08-04,19341.671770692723,17842.150531925232,0,umpteenth
United States,Texas,2020-08-05,15855.951065799367,14626.670801616048,0,tenant
United States,Texas,2020-08-06,5974.091689368544,5510.932274982946,0,players
United States,Texas,2020-08-07,4138.832485488388,3817.957057073008,0,datura
United States,Texas,2020-08-08,5850.744398173536,5397.147853279479,0,tabors
United States,Utah,2020-08-04,2309.1982061485205,2074.485241132389,0,disliked
United States,Utah,2020-08-05,1357.554387602987,1219.5689974201305,0,sargasso
United States,Utah,2020-08-06,0.0,0.0,0,accompany
United States,Utah,2020-08-07,6333.6643310477175,5689.894068885341,0,dwight
United States,Utah,2020-08-08,1729.9447275987454,1554.1086061053225,0,rewrap
United States,Virginia,2020-08-04,2859.861761402137,2825.1400834910114,0,lower-end
United States,Virginia,2020-08-05,3042.1513106305933,3005.216449166228,0,break-away
United States,Virginia,2020-08-06,2955.797655275029,2919.91121644709,0,meatpacking
United States,Virginia,2020-08-07,1903.1975855457063,1880.090799595972,0,biowarfare
United States,Virginia,2020-08-08,3556.082734107761,3512.9082139314896,0,nerdwallet
United States,Virgin Islands,2020-08-04,0.0,0.0,0,b-but
United States,Virgin Islands,2020-08-05,0.0,0.0,0,twelve-inch
United States,Virgin Islands,2020-08-06,0.0,0.0,0,truest
United States,Virgin Islands,2020-08-07,0.0,0.0,0,self-help
United States,Virgin Islands,2020-08-08,0.0,0.0,0,jewelers
United States,Vermont,2020-08-04,30.955612004850757,35.12676381106239,0,insurrectionary
United States,Vermont,2020-08-05,52.04456872112112,59.05737779724574,0,greeters
United States,Vermont,2020-08-06,0.0,0.0,0,nclb
United States,Vermont,2020-08-07,158.99958692348247,180.42418076058257,0,byrde
United States,Vermont,2020-08-08,27.835106524004576,31.585782002024565,0,power-generation
United States,Washington,2020-08-04,2764.2167423601154,2604.1860707847773,0,re-heat
United States,Washington,2020-08-05,2627.637627495491,2475.5140230976313,0,prosperous
United States,Washington,2020-08-06,1962.6444970689804,1849.0197902518794,0,ele
United States,Washington,2020-08-07,2467.5804316995623,2324.723126916044,0,experimenting
United States,Washington,2020-08-08,2290.3630008337805,2157.7654647730624,0,postgame
United States,Wisconsin,2020-08-04,4831.35971721439,5131.879937794041,1,crumbs
United States,Wisconsin,2020-08-05,4426.472371272722,4701.807790547109,1,shammas
United States,Wisconsin,2020-08-06,4281.160540151427,4547.457273404195,1,captial
United States,Wisconsin,2020-08-07,424.7352899561999,451.1546730070636,1,administration
United States,Wisconsin,2020-08-08,4284.299727793887,4550.791724785637,1,treestand
United States,West Virginia,2020-08-04,1043.729227694176,967.1648147474186,0,mcinnis
United States,West Virginia,2020-08-05,1066.4840012524512,988.2503758001914,0,intemperate
United States,West Virginia,2020-08-06,1231.8103031258904,1141.4489045771898,0,majora
United States,West Virginia,2020-08-07,952.0684179798964,882.2279291120906,0,engages
United States,West Virginia,2020-08-08,884.5747285185861,819.6853462923298,0,jackers
United States,Wyoming,2020-08-04,373.73396280397327,382.16068618816644,0,outraging
United States,Wyoming,2020-08-05,676.4307923897584,691.6825375971075,0,brainwaves
United States,Wyoming,2020-08-06,0.0,0.0,0,harboring
United States,Wyoming,2020-08-07,917.7248115802076,938.4171058313818,0,cassius
United States,Wyoming,2020-08-08,65.5876224222177,67.06645176764924,0,polyacrylamide
Uzbekistan,,2020-08-04,202.09680503871587,189.97614820561813,0,tomahawks
Uzbekistan,,2020-08-05,222.2752435376224,208.94439474515073,0,generative
Uzbekistan,,2020-08-06,163.6560197640442,153.84083018768925,0,kimberly
Uzbekistan,,2020-08-07,85.80138704874348,80.65549091237264,0,gators
Uzbekistan,,2020-08-08,203.10487125947228,190.92375614884517,0,worry
Venezuela,,2020-08-04,278.20160966116043,304.5694376597541,0,pauly
Venezuela,,2020-08-05,229.86112417560275,251.64726190934084,0,intimidation
Venezuela,,2020-08-06,303.53098594321756,332.29952124875456,0,fazed
Venezuela,,2020-08-07,238.20623296284953,260.7833164908973,0,tragicomic
Venezuela,,2020-08-08,191.8738652839877,210.05958708263424,0,messrs
United States Virgin Islands,,2020-08-04,0.0,0.0,0,misrepresentations
United States Virgin Islands,,2020-08-05,0.0,0.0,0,encroachment
United States Virgin Islands,,2020-08-06,0.0,0.0,0,laconically
United States Virgin Islands,,2020-08-07,0.0,0.0,0,pre-school
United States Virgin Islands,,2020-08-08,0.0,0.0,0,schoolmate
Vietnam,,2020-08-04,6.924914247428035,6.988064900771766,0,fpf
Vietnam,,2020-08-05,7.850974302124689,7.922570012750009,0,raspy
Vietnam,,2020-08-06,11.984600784463439,12.093892443906551,0,heterochromatin
Vietnam,,2020-08-07,7.708336968461628,7.778631920624074,0,skg
Vietnam,,2020-08-08,1.8207717120773383,1.837375949920453,0,unraveled
Vanuatu,,2020-08-04,0.0,0.0,0,berliners
Vanuatu,,2020-08-05,0.0,0.0,0,oxmoor
Vanuatu,,2020-08-06,0.0,0.0,0,polizzi
Vanuatu,,2020-08-07,0.0,0.0,0,russes
Vanuatu,,2020-08-08,0.0,0.0,0,soundstage
Yemen,,2020-08-04,0.0,0.0,0,degaulle
Yemen,,2020-08-05,0.0,0.0,0,dcd
Yemen,,2020-08-06,0.0,0.0,0,transoceanic
Yemen,,2020-08-07,0.0,0.0,0,volatiles
Yemen,,2020-08-08,0.0,0.0,0,lynyrd
South Africa,,2020-08-04,3038.6475367253906,2849.14508487442,0,hoge
South Africa,,2020-08-05,3841.0548337628306,3601.5109906896414,0,floss
South Africa,,2020-08-06,3657.0744002092674,3429.0043272359753,0,psychotically
South Africa,,2020-08-07,3977.3514198846306,3729.3075658898615,0,marketshare
South Africa,,2020-08-08,3778.17613198092,3542.5536611672196,0,rose-tinted
Zambia,,2020-08-04,9.839320994817935,9.112963238092192,0,pos
Zambia,,2020-08-05,71.67695001715117,66.3856185674687,0,omnidirectional
Zambia,,2020-08-06,17.61063790212305,16.31058646078554,0,old-fashioned
Zambia,,2020-08-07,15.30875421392818,14.178632290377662,0,blockades
Zambia,,2020-08-08,19.79801024485405,18.33648273531765,0,tsuga
Zimbabwe,,2020-08-04,100.71716805726449,113.91461474696744,0,lariat
Zimbabwe,,2020-08-05,105.20996722052948,118.99612662513938,0,paintable
Zimbabwe,,2020-08-06,106.44196158307888,120.38955503349631,0,hornsby
Zimbabwe,,2020-08-07,87.98334572152018,99.51221946905518,0,mistaking
Zimbabwe,,2020-08-08,110.44241172046728,124.91420306525939,0,jangles
